,ID,Accident_Severity,Description,City,State,date
0,A-512230,2,Accident on Day Rd near CR-7 Slayton Settlement Rd.,Lockport,NY,2020-12-31
76,A-512307,3,Two lanes blocked due to accident on I-278 Brooklyn Queens Expy Westbound at Kent Ave.,Brooklyn,NY,2020-12-30
1483,A-513719,4,Lane blocked due to accident on I-380 Northbound between Exit 13 PA-507 and Exit 20 PA-307.,Moscow,PA,2020-12-29
4018,A-516254,2,Left lane blocked due to accident on WA-520 Westbound at Montlake Blvd.,Seattle,WA,2020-12-28
4560,A-516796,3,Entry ramp closed due to incident on Port Miami Tunnel Westbound at fl-886.,Miami,FL,2020-12-27
5975,A-518211,3,Three lanes blocked due to accident on I-5 Northbound at Exits 134 135 136 136A 136B 28th St.,Tacoma,WA,2020-12-26
6347,A-518583,3,Entry ramp to I-24 Eastbound from I-65 Northbound closed due to police incident.,Nashville,TN,2020-12-25
6563,A-518799,2,Entry ramp to A.C. Expressway Westbound from Albany Blvdc Westbound closed due to emergency repairs.,Atlantic City,NJ,2020-11-30
6637,A-518873,4,Accident on I-77 Southbound from Exit 8 VA-148 Chances Creek Rd to Exit 1 VA-620 Lambsburg Rd.,Lambsburg,VA,2020-12-24
7777,A-520013,3,Lane blocked due to accident on I-90 Kennedy Expy Westbound at Exit 45A Addison St.,Chicago,IL,2020-12-23
9157,A-521393,3,Lane blocked due to accident on I-90 Kennedy Expy Eastbound at Logan Blvd.,Chicago,IL,2020-12-22
11206,A-523443,3,HOV lane blocked due to accident on I-5 Southbound before Exit 152 188th St.,Seattle,WA,2020-12-21
12013,A-524250,3,Entry ramp closed due to incident on Port Miami Tunnel Westbound in Star Palm & Hibiscus Islands.,Miami,FL,2020-12-20
13192,A-525429,3,Entry ramp closed due to incident on Port Miami Tunnel Westbound at Fl-886.,Miami,FL,2020-12-19
13662,A-525899,4,One lane blocked due to accident on I-440 Cliff Benson Beltline Eastbound from Exit 7 / Glenwood Ave to Exit 8A / Six Forks Rd.,Raleigh,NC,2020-12-18
14237,A-526474,3,Right lane blocked due to accident on Garden State Pkwy Northbound at Exit 144 Myrtle Ave.,Irvington,NJ,2020-12-17
16844,A-529082,2,Left lane closed due to accident on MO-364 Westbound after Exit 8A MO-94.,Saint Charles,MO,2020-12-16
19406,A-531644,3,#2 #3 #4 #5 lane blocked due to accident on I-105 Eastbound at Garfield Ave. SigAlert issued.,Paramount,CA,2020-12-15
20965,A-533203,2,Two lanes blocked due to accident on CA-60 Westbound at Jack Rabbit Trl.,Moreno Valley,CA,2020-12-14
21673,A-533911,3,Entry ramp closed due to incident on Port Miami Tunnel Eastbound at FL-A1A Macarthur Cswy.,Miami,FL,2020-12-13
22920,A-535158,3,Entry ramp closed due to incident on Port Miami Tunnel Westbound at fl-886.,Miami,FL,2020-12-12
23655,A-535893,3,Right lane closed due to accident on I-44 Westbound before Exit 286 Hampton Ave.,Saint Louis,MO,2020-12-11
24912,A-537150,3,Lane blocked due to accident on I-90 Dan Ryan Expy Westbound at Exits 54 55A 55B 56A 56B Wentworth Ave.,Chicago,IL,2020-12-10
26665,A-538903,4,Two lanes blocked due to accident on I-94 Eastbound from Old Us-41 to Exit 1 I-41 Exit 1A.,Wadsworth,IL,2020-12-09
28625,A-540863,2,Lane blocked due to accident on US-231 Northbound at Bledsoe Rd.,Hazel Green,AL,2020-12-08
29145,A-541383,3,Two lanes blocked due to accident on I-495 Eastbound at Exits 15 16 17W 17W-E 18 I-278 Brooklyn Queens Expy Exits 35 35A-B.,Woodside,NY,2020-12-07
30733,A-542971,3,Right lane blocked due to accident on I-278 Bruckner Expy Eastbound before NY-895.,Bronx,NY,2020-12-06
32279,A-544517,2,Entry ramp to NJ-440 Northbound from Pulaski street closed due to fallen power cables.,Jersey City,NJ,2020-12-05
32781,A-545019,2,Accident on MA-123 Brockton Ave at Belmont St.,Abington,MA,2020-12-03
33643,A-545881,3,Lane blocked due to accident on I-90 Dan Ryan Expy Eastbound at Chinatown Feeder.,Chicago,IL,2020-12-02
35675,A-547913,2,Two lanes blocked due to accident on US-101 Southbound at Exit 403 University Ave.,Palo Alto,CA,2020-12-01
38278,A-550516,2,Entry ramp closed due to incident on Port Miami Tunnel Westbound in Star Palm & Hibiscus Islands.,Miami,FL,2020-11-29
39307,A-551545,2,Entry ramp to A.C. Expressway Westbound from Albany Blvd Northbound closed due to emergency repairs.,Atlantic City,NJ,2020-11-13
39308,A-551546,2,Entry ramp to A.C. Expressway Westbound from Albany Blvd Westbound closed due to emergency repairs. Detour in operation - US-322 - US-9.,Atlantic City,NJ,2020-11-17
39422,A-551660,2,Entry ramp closed due to incident on Port Miami Tunnel Westbound at FL-886.,Miami,FL,2020-11-28
40002,A-552240,2,Accident on US-20 Lake St at Bartlett Rd.,Bartlett,IL,2020-11-27
40682,A-552920,3,Lane blocked due to accident on I-55 Northbound at Exit 6 IL-111.,East Saint Louis,IL,2020-11-26
41154,A-553392,3,Two lanes blocked due to accident on I-696 Westbound at Greenfield Rd.,Southfield,MI,2020-11-25
43668,A-555907,2,Left lane blocked due to accident on 6th Ave Northbound at Madison St.,Seattle,WA,2020-11-24
45386,A-557625,3,Main roadway closed due to accident on US-50 both ways from County Road 16 to County Road 17. Traffic getting by on the shoulder.,Las Animas,CO,2020-11-23
46325,A-558564,2,Entry ramp closed due to incident on Port Miami Tunnel Westbound at fl-886.,Miami,FL,2020-11-22
47849,A-560089,2,Accident on 6th St Westbound at Martin Luther King Jr Way.,Oakland,CA,2020-11-21
48215,A-560455,3,Lane blocked due to accident on I-72 Eastbound at IL-104.,Jacksonville,IL,2020-11-20
49511,A-561751,3,Lane blocked due to accident on I-55 Stevenson Expy Southbound at Exit 287 Pulaski Rd.,Chicago,IL,2020-11-19
51116,A-563357,3,Lane blocked due to accident on I-64 Eastbound at Exit 117 CR-20 2550.,Burnt Prairie,IL,2020-11-18
54109,A-566351,4,Right lane closed due to accident on I-40 Westbound from Exit 20 US-276 Jonathan Creek Rd to Exit 15 Fines Creek Rd.,Waynesville,NC,2020-11-16
55532,A-567774,3,Accident and fallen power cables on NJ-56 Landis Ave Eastbound between CR-634 Morton Ave and CR-717 Kenyon Ave.,Bridgeton,NJ,2020-11-15
57273,A-569515,2,Entry ramp closed due to incident on Port Miami Tunnel Westbound at FL-886.,Miami,FL,2020-11-14
59194,A-571436,3,Lane closed due to accident on I-290 Eastbound at Keeler Ave.,Chicago,IL,2020-11-12
60231,A-572473,4,Right lane blocked due to earlier accident on I-295 Southbound between Exit 21 NJ-44 Crown Point Rd and Exit 20 Mid Atlantic Pkwy.,Thorofare,NJ,2020-11-11
62368,A-574611,4,Two lanes blocked due to accident on I-95 Northbound from I-95 /US-1 Jefferson Davis Hwy to I-95 / VA-3 Plank Rd / Carl D Silver Pkwy.,Fredericksburg,VA,2020-11-10
62692,A-574935,2,Entry ramp to Florida's Turnpike North Northbound from Nw 57th Ave Southbound closed due to flooding.,Hollywood,FL,2020-11-09
64144,A-576387,2,Entry ramp to A.C. Expressway Westbound from Albany Blvd Northbound closed due to emergency repairs.,Atlantic City,NJ,2020-09-30
66066,A-578309,2,Three lanes blocked due to accident on NJ-3 Westbound before Meadowlands Pkwy.,Secaucus,NJ,2020-11-08
68094,A-580337,2,Accident on Brittan Ave at Old County Rd.,San Carlos,CA,2020-11-07
68325,A-580568,3,Two lanes blocked due to accident on I-278 Bruckner Expy Eastbound at Exits 50 51 52 Morrison Ave.,Bronx,NY,2020-11-06
69790,A-582033,4,Right lane blocked due to accident on I-20 Westbound from SC-6 Exit 55 to SC-204 Exit 51.,Lexington,SC,2020-11-05
71399,A-583642,4,Three lanes blocked due to accident on I-40 Westbound from Exit 150 Jimmie Kerr Rd to Exit 148 NC-54 Harden St.,Graham,NC,2020-11-04
72892,A-585135,4,Main roadway closed due to accident on I-94 Eastbound from Exit 85 35th St to Exit 88 40th St. Traffic getting by on the shoulder.,Climax,MI,2020-11-03
74722,A-586965,3,Entry ramp to I-77 Southbound from St Michaels Ave Northbound closed due to fallen power cables.,Akron,OH,2020-11-02
76442,A-588685,3,Two lanes blocked due to accident on I-278 Brooklyn Queens Expy Westbound at Exit 24 NY-27 Prospect Expy Exit 1.,Brooklyn,NY,2020-11-01
78404,A-590648,3,Left lane blocked due to accident on I-5 Southbound at I-5 Exit 105.,Olympia,WA,2020-10-31
78779,A-591023,3,Lane closed due to accident on I-80 Westbound at Torrence Ave.,Lansing,IL,2020-10-30
79355,A-591599,3,Lane blocked due to accident on I-90 Eastbound at Exit 58 NY-5.,Irving,NY,2020-09-06
79416,A-591660,3,Left lane blocked due to accident on I-495 Westbound at Exit 28 Horace Harding Expy.,Oakland Gardens,NY,2020-09-07
79503,A-591747,2,Entry ramp closed due to incident on Port Miami Tunnel Westbound at FL-886.,Miami,FL,2020-09-05
80980,A-593224,2,Left lane blocked due to accident on NY-33 Kensington Expy Eastbound at I-90 .,Buffalo,NY,2020-09-08
82630,A-594874,3,Lane blocked due to accident on I-86 Eastbound from Exit 15 Schoolhouse Rd to Exit 19 Asp Route 2.,Salamanca,NY,2020-09-09
82632,A-594876,3,Three lanes blocked due to accident on I-90 Westbound at Exit 50 I-290 Exits 1-49 7A 7B 51-61.,Buffalo,NY,2020-09-10
82996,A-595240,2,Two lanes blocked due to accident on Garden State Pkwy Southbound at Great Egg Toll Plaza.,Somers Point,NJ,2020-09-11
87761,A-600005,3,Right lane blocked due to accident on I-190 Northbound at NY-5 Buffalo Skwy.,Buffalo,NY,2020-09-12
87773,A-600017,3,Three lanes blocked due to accident on I-75 Northbound at Exit 55 Chrysler Dr.,Detroit,MI,2020-09-13
88906,A-601150,3,Left lane blocked due to accident on Expy Northbound near MA-3.,Quincy,MA,2020-09-14
90444,A-602688,2,Accident on I-90 Westbound after Exit 54 NY-400.,Buffalo,NY,2020-09-15
90502,A-602746,2,One lane blocked due to accident on NY-7 at NY-22.,Hoosick Falls,NY,2020-09-16
93502,A-605746,2,Accident on I-190 Southbound after Exit 5 Hamburg St.,Buffalo,NY,2020-09-17
95306,A-607550,2,Accident on I-190 Southbound at Exit 15 NY-325 Sheridan Dr.,Tonawanda,NY,2020-09-18
97104,A-609348,3,Accident on I-190 Southbound at Exit 9 Porter Ave.,Buffalo,NY,2020-09-19
97173,A-609417,3,Left lane blocked due to accident on I-95 Northbound at NJ-3.,East Rutherford,NJ,2020-09-20
98226,A-610470,3,Left lane blocked due to accident on I-90 Eastbound at Exit 57A CR-32 Eden Evans Center Rd.,Eden,NY,2020-09-21
98386,A-610630,3,Two lanes blocked due to accident on I-278 Brooklyn Queens Expy Westbound at Exit 30 Classon Ave.,Brooklyn,NY,2020-09-22
101465,A-613709,2,Accident on NY-198 Eastbound at Parkside Ave.,Buffalo,NY,2020-09-23
103092,A-615336,3,Right lane closed due to accident on I-290 Eastbound at I-90.,Buffalo,NY,2020-09-24
103260,A-615504,2,Left lane blocked due to accident on Garden State Pkwy Northbound at Exit 138 CR-509 Boulevard.,Kenilworth,NJ,2020-09-25
106688,A-618932,3,Accident on I-90 Eastbound between Exit 56 NY-179 Mile Strip Rd and Exit 55 US-219.,Buffalo,NY,2020-09-26
107279,A-619523,2,Left lane blocked due to accident on MA-128 Southbound in South Lynnfield.,Peabody,MA,2020-09-27
107330,A-619574,2,Right lane blocked due to accident on US-130 Southbound at New Albany Rd.,Cinnaminson,NJ,2020-09-28
109456,A-621700,2,Lane blocked due to accident on NY-240 Harlem Rd Northbound between NY-5 Main St and NY-324 Sheridan Dr.,Buffalo,NY,2020-09-29
111368,A-623612,3,Left lane blocked due to accident on I-87 Northbound at Exit 10 230th St.,Bronx,NY,2020-10-01
112937,A-625181,3,Right lane blocked due to accident on I-94 Eastbound at Mt Elliott.,Detroit,MI,2020-10-02
114611,A-626855,3,Lane blocked due to accident on I-87 Northbound near US-9.,Ballston Spa,NY,2020-10-03
116911,A-629155,3,Exit ramp from I-90 Westbound at Exit 54 to NY-400 Southbound lane blocked due to accident.,Buffalo,NY,2020-10-04
117374,A-629618,2,Left hand shoulder blocked due to accident on I-495 Blue Star Memorial Hwy Southbound near MA-9 Turnpike Rd.,Westborough,MA,2020-10-05
118978,A-631223,2,Accident on I-90 Westbound after Exit 48A NY-77 Alleghany Rd.,Corfu,NY,2020-10-06
119143,A-631388,2,Right lane blocked due to accident on I-87 Northbound after Exit 2 Central Park Ave.,Yonkers,NY,2020-10-07
120785,A-633030,3,Two lanes blocked due to accident on I-95 Northbound at Exit 16W Service Rd.,East Rutherford,NJ,2020-10-08
122423,A-634668,2,Left lane blocked due to accident on M-10 John C Lodge Fwy Northbound after Hamilton Ave.,Detroit,MI,2020-10-09
125903,A-638148,3,Accident on I-190 Northbound at Exit 11 NY-198.,Buffalo,NY,2020-10-10
125922,A-638167,3,Left lane blocked due to accident on I-87 Northbound at Exit 15 NY-50.,Saratoga Springs,NY,2020-10-11
126621,A-638866,2,Left and center lane blocked due to accident on NY-9A Henry Hudson Pkwy Southbound at 158th St.,New York,NY,2020-10-12
127421,A-639666,2,Three lanes blocked due to accident on Grand Central Pkwy Eastbound at Ditmars Blvd.,East Elmhurst,NY,2020-10-13
130832,A-643077,2,Accident on I-90 Eastbound after exit 48A.,Akron,NY,2020-10-14
130896,A-643141,3,Accident on I-96 Express Westbound at M-39. In the express lane.,Detroit,MI,2020-10-15
134450,A-646695,2,Accident on I-90 Westbound at Exit 50 I-290 Exits 1-49 7A 7B 51-61.,Buffalo,NY,2020-10-16
134731,A-646976,2,Two lanes blocked due to accident on Garden State Pkwy Southbound at CR-530 Dover Rd.,Toms River,NJ,2020-10-17
136694,A-648939,2,Accident on CR-83 Patchogue Mt Sinai Rd both ways around Hawkins Path.,Coram,NY,2020-10-18
137761,A-650006,2,Accident on I-90 Eastbound at Exit 48A NY-77 Alleghany Rd.,Corfu,NY,2020-10-19
137768,A-650013,3,Two lanes blocked due to accident on I-190 Southbound at Exit 5 Hamburg St.,Buffalo,NY,2020-10-20
139649,A-651894,3,Right lane blocked due to accident on I-96 Westbound at Davison.,Detroit,MI,2020-10-21
143490,A-655735,2,Lane blocked due to accident on PA-46 Kendall Ave both ways at Pratt Holw.,Bradford,PA,2020-10-22
145451,A-657696,2,Left lane closed due to accident on NY-33 Kensington Expy Westbound at NY-240 Harlem Rd.,Buffalo,NY,2020-10-23
145456,A-657701,3,Lane blocked due to accident on I-90 Eastbound at I-190 .,Buffalo,NY,2020-10-24
147496,A-659741,2,Lane blocked due to accident on Hutchinson River Pkwy Southbound at Exit 16 Webster Ave.,Bronxville,NY,2020-10-25
148115,A-660360,2,Exit ramp from I-95 Southbound at Exit 13 to I-278 Westbound lane blocked due to accident.,Elizabeth,NJ,2020-10-26
150545,A-662790,2,Accident on I-90 Westbound at Exits 51E 51W NY-33 Kensington Expy.,Buffalo,NY,2020-10-27
150598,A-662843,3,Right lane blocked and right hand shoulder blocked due to accident on I-94 Westbound near Edsel Ford Fwy.,Detroit,MI,2020-10-28
154391,A-666636,2,Restrictions due to accident on I-190 Southbound after Exit 19 CR-75 Whitehaven Rd.,Grand Island,NY,2020-10-29
158684,A-670929,3,Right lane blocked due to accident on I-190 Northbound at Ontario St.,Buffalo,NY,2020-08-31
158853,A-671098,2,Three lanes blocked due to accident on Garden State Pkwy Southbound at Exit 124 CR-670 Main St.,Sayreville,NJ,2020-09-01
159188,A-671434,2,Entry ramp closed due to incident on Port Miami Tunnel Westbound at FL-886.,Miami,FL,2020-08-30
160429,A-672675,3,Three lanes blocked due to accident on I-95 Southbound at Exit 16 Garden St.,New Rochelle,NY,2020-09-02
161913,A-674159,2,Right lane blocked and right hand shoulder blocked due to accident on US-131 Northbound at Pearl St.,Grand Rapids,MI,2020-09-03
163946,A-676192,4,Three lanes blocked due to accident on I-485 anticlockwise from Exit 3 Arrowood Rd to Exit 1 NC-49.,Charlotte,NC,2020-09-04
167419,A-679665,2,Accident on Zimmerman Rd at Perennial Way.,Erie,PA,2020-07-03
167472,A-679718,3,Left lane blocked due to accident on I-95 Southbound at Exit 13 I-278 Exits 3A 3B-C.,Elizabeth,NJ,2020-07-02
167929,A-680175,3,Left lane blocked due to accident on I-95 Northbound at Exit 87 US-17.,Richmond Hill,GA,2020-07-04
168718,A-680964,3,Accident on I-690 Westbound at Exits 1 2 I-90 Exit 39.,Syracuse,NY,2020-07-05
169475,A-681721,3,Left lane blocked due to accident on I-90 Mass Pike Westbound near Pru Tunnel.,Boston,MA,2020-07-06
170950,A-683196,2,Accident on CR-89 Nash Rd at Walck Rd.,North Tonawanda,NY,2020-07-07
171084,A-683330,3,Two lane blocked due to accident on I-278 Brooklyn Queens Expy Eastbound at Exit 24 NY-27 Prospect Expy Exit 1.,Brooklyn,NY,2020-07-08
172522,A-684768,2,Left lane blocked due to accident on I-95 Northbound from Exit 19 CR-152 Playland Pkwy to Exits 20 21 I-287 Cross Westchester Expy Exits 11 12.,Rye,NY,2020-07-09
173807,A-686053,2,Accident on I-190 Southbound at Exit 19 / CR-75 Whitehaven Rd.,Grand Island,NY,2020-07-11
173845,A-686091,3,Right lane closed due to accident on I-696 Westbound at Greenfield Rd.,Oak Park,MI,2020-07-10
173957,A-686203,2,Two lanes blocked due to accident on Fdr Dr Southbound at Montgomery St.,New York,NY,2020-07-12
175702,A-687948,2,Accident on I-90 Eastbound at Exit 9 PA-18 Meadville Rd.,Girard,PA,2020-07-13
175744,A-687990,2,Right hand shoulder blocked due to accident on I-94 Westbound at Oakwood Blvd.,Allen Park,MI,2020-07-14
178287,A-690533,2,Accident on CR-57 Markham Rd at School St.,Gowanda,NY,2020-07-15
178895,A-691141,2,Accident on I-85 Northbound near SC-291 Pleasantburg Dr.,Greenville,SC,2020-07-16
179738,A-691984,2,Accident on Center Rd at Lapeer Rd.,Flint,MI,2020-07-17
182653,A-694899,2,Accident on Turtle Pond Pkwy at Dedham Pkwy.,Hyde Park,MA,2020-07-18
182732,A-694978,3,Right and center lane blocked due to accident on Heckscher Pkwy Eastbound from Exit 41A Southern Pkwy to Exits 42N 42S CR-13 5th Ave.,Bay Shore,NY,2020-07-19
183236,A-695482,2,Right and center lane blocked due to accident on Grand Central Pkwy Eastbound at Exits 13S 13W 14 15 I-678 Exits 7 8 10.,Flushing,NY,2020-07-20
184985,A-697234,2,Accident on I-190 Northbound after Exit 9 Porter Ave.,Buffalo,NY,2020-07-21
185154,A-697403,3,Left and center lane blocked due to accident on I-84 Westbound at Exit 50 CR-27 Lime Kiln Rd.,Hopewell Junction,NY,2020-07-22
186527,A-698778,3,Left lane blocked due to accident on I-94 Westbound at Exits 215A 215B M-10 John C Lodge Fwy Exits 4A 4B.,Detroit,MI,2020-07-23
189377,A-701640,3,Left lane blocked due to accident on I-190 Southbound at Exit 6 Oak St.,Buffalo,NY,2020-07-24
189427,A-701690,3,Right hand shoulder blocked and right lane blocked due to accident on I-94 Westbound at Conner St.,Detroit,MI,2020-07-25
191007,A-703276,3,Lane blocked due to accident on I-95 Cross Bronx Expy Northbound at Exit 2A Jerome Ave.,Bronx,NY,2020-07-26
191545,A-703814,2,Exit ramp from i-678 Southbound to 69th Rd Westbound lane blocked due to accident.,Forest Hills,NY,2020-07-27
193480,A-705754,3,Accident on I-190 Southbound near Exit 53 I-90.,Buffalo,NY,2020-07-28
193711,A-705986,3,Two lanes blocked due to accident on I-66 Eastbound at US-29 Lee Hwy.,Centreville,VA,2020-07-29
196465,A-708742,2,Accident on 13th St at Ontario Ave.,Niagara Falls,NY,2020-07-30
196509,A-708786,3,Right lane blocked and right hand shoulder blocked due to accident on I-94 Eastbound at Vining Rd.,Romulus,MI,2020-07-31
198105,A-710386,2,Lane blocked due to accident on Bronx River Pkwy Southbound at Cross County Pkwy.,Mount Vernon,NY,2020-08-01
199662,A-711948,2,Lane blocked due to accident on Southern Pkwy Eastbound at exit 25.,Bellmore,NY,2020-08-02
200567,A-712853,3,Left lane blocked due to accident on I-190 Northbound at CR-75 Whitehaven Rd.,Grand Island,NY,2020-08-03
202045,A-714338,3,Left lane blocked due to accident on I-90 Eastbound at Exit 58 NY-5.,Irving,NY,2020-08-04
203531,A-715824,2,Accident on I-90 Westbound at Exit 49 NY-78 Transit Rd.,Buffalo,NY,2020-08-05
203683,A-715976,3,Center lane blocked due to accident on I-95 Southbound between Exit 17 Madison Ave and Exit 16 Cedar St.,New Rochelle,NY,2020-08-06
204993,A-717286,3,Center and Right lane blocked and right hand shoulder blocked due to accident on I-275 Southbound at M-14.,Plymouth,MI,2020-08-07
207849,A-720142,3,Accident on I-95 Northbound at Exit 17 MA-135 West St.,Dedham,MA,2020-08-08
207892,A-720185,3,Two lanes blocked due to accident on I-495 Eastbound at exit 21.,Flushing,NY,2020-08-09
208870,A-721163,3,Left lane blocked due to accident on I-90 Eastbound at Exit 49 NY-78 Transit Rd.,Buffalo,NY,2020-08-10
210242,A-722535,2,Accident on I-90 Westbound at Exit 48A NY-77 Alleghany Rd.,Corfu,NY,2020-08-11
211559,A-723852,2,Accident on Expy Northbound at Southampton St. On exit ramp.,Boston,MA,2020-08-12
212281,A-724574,4,Two lanes blocked due to accident on I-26 Eastbound from Exits 111A 111B US-1 Augusta Rd to Airport Ln.,West Columbia,SC,2020-08-13
213191,A-725484,3,Right lane blocked and right hand shoulder blocked due to accident on I-94 Eastbound at Edsel Ford Fwy.,Detroit,MI,2020-08-14
216408,A-728702,3,Accident on I-190 Northbound at Exit 13 Austin St.,Buffalo,NY,2020-08-15
216473,A-728767,2,Three lanes blocked due to accident on Southern Pkwy at Exits 17N 17S Hempstead Ave.,Malverne,NY,2020-08-16
217181,A-729475,2,Right hand shoulder blocked due to accident on Sprain Brook Pkwy at Grasslands Rd.,Elmsford,NY,2020-08-17
219215,A-731509,2,Accident on I-90 Eastbound at Exit 50 I-290 Exits 1-49 7A 7B 51-61.,Buffalo,NY,2020-08-18
220717,A-733011,2,Accident on CR-20 Townline Rd at CR-60 Tonawanda Creek Rd.,North Tonawanda,NY,2020-08-19
222327,A-734621,2,Accident Dump Truck involved and fallen power cables on US-20 Southwestern Blvd near Railroad Ave.,Irving,NY,2020-08-20
223772,A-736066,3,Accident on I-90 Eastbound at Exits 51E 51W NY-33 Kensington Expy.,Buffalo,NY,2020-08-21
225365,A-737659,3,Two lane blocked due to accident on I-90 Eastbound at Exit 52A CR-207 William St.,Buffalo,NY,2020-08-22
225453,A-737747,2,Accident on Northern Pkwy Eastbound at Exits 27 27N 27S Shelter Rock Rd.,Roslyn,NY,2020-08-23
226343,A-738637,2,Accident on I-190 Southbound at Exit 7 Broadcast Plz.,Buffalo,NY,2020-08-24
227722,A-740016,2,Accident on I-190 Southbound from Exit 7 Broadcast Plz to Exit 6 Oak St.,Buffalo,NY,2020-08-25
227763,A-740057,3,HOV lane blocked and right hand shoulder blocked due to accident on I-96 Westbound after Davison.,Detroit,MI,2020-08-26
229176,A-741470,3,Right lane blocked and right hand shoulder blocked due to accident on I-75 Southbound between Fisher Fwy and Schaefer Hwy.,Detroit,MI,2020-08-27
230770,A-743064,3,Right lane blocked due to accident on I-95 Cross Bronx Expy Southbound at 3rd Ave.,Bronx,NY,2020-08-28
233758,A-746052,3,Lane blocked due to accident on I-190 Southbound at Exit 11 NY-198.,Buffalo,NY,2020-08-29
234830,A-747124,2,Right lane closed due to accident on NY-5 Buffalo Skwy Eastbound at Ohio St.,Buffalo,NY,2020-07-01
235897,A-748191,3,Left and center lane blocked due to accident on I-225 Northbound from Exit 7 Mississippi Ave to Exit 8 Alameda Ave.,Aurora,CO,2020-06-30
237696,A-749990,3,Accident on I-90 Westbound at Exits 51E / NY-33 Kensington Expy.,Buffalo,NY,2020-05-24
237730,A-750024,3,Left lane blocked due to accident on I-278 Brooklyn Queens Expy Northbound at 29th Street.,Brooklyn,NY,2020-05-25
237799,A-750093,3,Entry ramp closed due to incident on Port Miami Tunnel Westbound at FL-886.,Miami,FL,2020-05-23
237998,A-750292,2,Accident on I-90 Eastbound before Exit 57 NY-75 Camp Rd.,Hamburg,NY,2020-05-26
240470,A-752764,2,Accident on I-90 Westbound at Exit 51 NY-33.,Buffalo,NY,2020-05-27
240523,A-752817,2,Accident on I-87 Southbound near New Baltimore Rd.,West Coxsackie,NY,2020-05-28
241941,A-754235,2,Accident on I-90 Eastbound at Exit 59 NY-60 Bennett Rd.,Dunkirk,NY,2020-05-29
243498,A-755792,2,Accident on I-87 Northbound at Exit 19.,Kingston,NY,2020-05-30
244813,A-757107,2,Lane blocked due to accident on Fdr Dr Southbound at Exit 9 42nd St.,New York,NY,2020-05-31
245140,A-757434,2,One lane blocked and right hand shoulder blocked due to accident on Taconic State Pkwy Southbound at Pudding St.,Putnam Valley,NY,2020-06-01
245431,A-757725,2,Accident on I-90 Eastbound at Exit 30 NY-28 Mohawk St.,Herkimer,NY,2020-06-02
246906,A-759200,4,4 left lane blocked due to accident on I-95 Northbound from FL-808 Glades Rd to FL-794 Yamato Rd.,Boca Raton,FL,2020-06-03
249117,A-761411,3,Accident on I-90 Westbound from Exit 54 NY-400 to Exit 55 US-219.,Buffalo,NY,2020-04-30
250260,A-762554,2,Accident on 7th Ave at Dobbins Rd.,Phoenix,AZ,2020-04-29
250496,A-762790,2,Accident on I-190 Northbound at Exit 8 NY-266 Niagara St.,Buffalo,NY,2020-05-01
250909,A-763203,4,Accident on I-95 Northbound at Exit 8A 95th St. Express lanes blocked.,Miami,FL,2020-05-02
252236,A-764532,2,Accident on I-90 Westbound at Exit 49.,Akron,NY,2020-05-03
252242,A-764538,2,Accident on Pleasant St at Scotland Blvd.,Bridgewater,MA,2020-05-05
252272,A-764568,2,Accident on I-90 Westbound before Exit 46 I-390 Exits 12 12A 12B.,Henrietta,NY,2020-05-06
253234,A-765530,2,Right lane blocked due to accident on Cross Island Pkwy Northbound at I-295 Throgs Neck Brg.,Bayside,NY,2020-05-07
254999,A-767295,2,Accident on I-90 Eastbound at Exit 51 NY-33 Kensington Expy.,Buffalo,NY,2020-05-08
255030,A-767326,2,Right hand shoulder blocked and right lane blocked due to accident on M-39 Southbound at McNichols Rd.,Detroit,MI,2020-05-09
256684,A-768980,2,Left hand shoulder blocked due to accident on I-96 Eastbound at Exits 155 155A 155B Milford Rd.,Milford,MI,2020-05-10
256969,A-769265,2,Accident on I-90 Westbound at Exit 54 NY-400.,Buffalo,NY,2020-05-11
258186,A-770482,2,Accident on I-90 Westbound at Exit 61 NY-815.,Ripley,NY,2020-05-12
258216,A-770512,3,Center right lane blocked and right hand shoulder blocked due to accident on I-94 Westbound at Exit 218 Edsel Ford Fwy.,Detroit,MI,2020-05-13
259562,A-771858,2,Lane blocked due to accident on Ocean Pkwy Westbound at Robert Moses Cswy.,Babylon,NY,2020-05-14
260743,A-773039,2,Two lanes blocked due to accident on Bronx River Pkwy both ways at Exit 9 Gun Hill Rd.,Bronx,NY,2020-05-15
261868,A-774164,3,Left lane blocked and left hand shoulder blocked due to accident on I-696 Eastbound at Couzens Ave.,Madison Heights,MI,2020-05-16
263259,A-775555,3,Lane blocked due to accident on I-88 Westbound at Exit 24.,Duanesburg,NY,2020-05-17
263630,A-775926,3,2 right lane blocked due to accident on I-95 Bruckner Expy Northbound at I-695.,Bronx,NY,2020-05-18
265476,A-777772,3,Left and center lane blocked due to accident on I-90 Eastbound at Exits 51E 51W NY-33 Kensington Expy.,Buffalo,NY,2020-05-19
265509,A-777805,3,Center right lane blocked right hand shoulder blocked and left hand shoulder blocked due to accident on I-96 Westbound at I-96 Local.,Detroit,MI,2020-05-20
268285,A-780581,2,Accident on CR-317 Dick Rd at NY-33 Kensington Expy.,Buffalo,NY,2020-05-21
269706,A-782002,2,Accident and fallen power cables on Court St at State St.,Boston,MA,2020-05-22
271557,A-783853,2,Accident on I-90 Westbound at Exit 49 NY-78 Transit Rd.,Buffalo,NY,2020-06-04
272988,A-785284,2,Accident on Blue Hill River Rd at Hillside St.,Milton,MA,2020-06-19
273127,A-785423,3,Collector road closed due to accident on US-30 White Horse Pike both ways from Burdick Ave to Lakeview Dr.,Hammonton,NJ,2020-06-20
273148,A-785444,2,Entry ramp to A St Southbound from PA-924 Northbound closed due to flooding.,Gilberton,PA,2020-06-18
273312,A-785608,3,Entry ramp to US-64-BYP Eastbound from US-64-BR Westbound closed due to flooding.,Rocky Mount,NC,2020-06-17
274542,A-786838,3,Accident on I-87 Northbound from Exit 13 Major Deegan Expy to Exit 14 NY-9P.,Saratoga Springs,NY,2020-06-21
275066,A-787362,3,2 left lane blocked due to accident on I-84 Eastbound between Exit 28 NY-208 and Exit 32 NY-747 International Blvd.,Rock Tavern,NY,2020-06-22
276984,A-789280,3,Exit ramp from I-290 Westbound to I-190 Southbound lane closed due to accident.,Tonawanda,NY,2020-06-23
277056,A-789352,2,Accident on Frances Rd at Gale Rd.,Otisville,MI,2020-06-24
278688,A-790984,2,Accident on M-54 Dort Hwy at Lippincott Blvd.,Flint,MI,2020-06-25
281750,A-794046,2,Accident on NY-61 Hyde Park Blvd at US-62-BR Pine Ave.,Niagara Falls,NY,2020-06-26
281913,A-794209,3,Two lanes blocked due to accident on I-95 Southbound at Exit 8 NJ-133.,Hightstown,NJ,2020-06-27
283402,A-795698,2,Restrictions on ramps due to accident on NJ-34 Southbound at I-195 Exits 35A 35B.,Belmar,NJ,2020-06-28
284260,A-796556,2,Accident on I-190 Northbound around Hamburg St.,Buffalo,NY,2020-06-29
287109,A-799405,2,Accident on Florence Ave both ways at Pacific Blvd.,Huntington Park,CA,2020-06-05
288506,A-800802,2,Left lane blocked due to accident on M-39 Southbound at McNichols Rd.,Detroit,MI,2020-06-06
288904,A-801200,2,Accident on Hutchinson River Pkwy Southbound at Exit 4N Baychester Ave.,Bronx,NY,2020-06-07
288952,A-801248,3,Two lane blocked due to accident on I-278 Westbound at Exit 16 Belt Pkwy Exit 3.,Brooklyn,NY,2020-06-08
289336,A-801632,2,Accident on I-90 Westbound at Exit 30 NY-28 Mohawk St.,Herkimer,NY,2020-06-09
292091,A-804387,2,Accident on I-90 Eastbound at Exit 57 NY-75 Camp Rd.,Hamburg,NY,2020-06-10
293435,A-805731,2,Accident on I-90 Eastbound at Exit 58 NY-5.,Irving,NY,2020-06-11
294839,A-807135,2,Accident on I-90 Eastbound at Exit 49 NY-78 Transit Rd.,Buffalo,NY,2020-06-12
296326,A-808622,3,Accident on I-90 Westbound at Exit 59 NY-60 Bennett Rd.,Dunkirk,NY,2020-06-13
296807,A-809103,2,Accident on I-190 Eastbound at Exits 1-52 54-61.,Buffalo,NY,2020-06-14
297187,A-809483,2,Accident on I-90 Eastbound at Exit 48A NY-77 Alleghany Rd.,Corfu,NY,2020-06-15
297223,A-809519,3,Right lane blocked due to accident on I-75 Northbound at Exit 9 Otter Creek Rd.,La Salle,MI,2020-06-16
303020,A-815316,2,Lane blocked due to accident on US-219 near PA-59.,Lewis Run,PA,2020-03-04
304831,A-817127,2,Accident on US-101 Central Fwy Southbound at I-80.,San Francisco,CA,2020-03-03
305110,A-817406,3,Right lane blocked due to accident on I-190 Northbound after Exit 6 Elm St.,Buffalo,NY,2020-03-05
307292,A-819588,2,Entry ramp closed due to accident on NY-33 Eastbound from Tupper St to entry ramp to NY-33.,Buffalo,NY,2020-03-06
307360,A-819656,2,Left lane blocked due to accident on M-8 Davison Fwy Westbound at I-75 Exits 56A 56B.,Highland Park,MI,2020-03-07
309424,A-821720,2,Two lanes blocked and right hand shoulder blocked due to accident on Southfield Fwy Northbound after Elmira St.,Detroit,MI,2020-03-08
310052,A-822348,3,2 lane blocked due to accident on I-278 Brooklyn Queens Expy Eastbound at Exit 39W 65th Pl.,Woodside,NY,2020-03-09
310721,A-823017,3,Accident on NJ-33 Westbound from Millstone Rd to CR-619 Butcher Rd.,Monroe Township,NJ,2020-03-10
314553,A-826849,3,Left lane blocked due to accident on I-190 Eastbound at I-90.,Buffalo,NY,2020-03-11
316509,A-828805,2,Accident on Grider St at Kensington Ave.,Buffalo,NY,2020-03-12
318359,A-830655,2,Accident on NY-60 Northbound near US-20 Main St.,Fredonia,NY,2020-03-13
320382,A-832678,3,Right lane blocked due to accident on I-93 Southbound at Exit 42 Frontage Rd.,Tewksbury,MA,2020-03-14
321031,A-833327,3,Accident on I-90 Westbound at Exit 49 NY-78 Transit Rd.,Buffalo,NY,2020-03-15
321043,A-833339,2,Lane blocked due to accident on NY-7 Eastbound at US-9.,Latham,NY,2020-03-16
323035,A-835331,3,Right lane blocked due to accident on I-90 Eastbound at Exit 58 NY-5.,Irving,NY,2020-03-17
324474,A-836770,2,Accident on I-190 Southbound at Exit 1 Griswold St.,Buffalo,NY,2020-03-18
325068,A-837364,3,Two lanes blocked due to accident on I-285 Northbound at Exit 12 US-278 Donald Lee Hollowell Pkwy.,Atlanta,GA,2020-03-19
325818,A-838114,2,Accident on I-190 Southbound after Exit 14 NY-266 Niagara St.,Buffalo,NY,2020-03-20
328619,A-840915,3,Left lane blocked due to accident on I-90 Westbound at Exits 51E 51W NY-33 Kensington Expy.,Buffalo,NY,2020-03-21
328650,A-840946,3,Right lane blocked due to accident on I-95 Cross Bronx Expy Northbound at Exit 6A Bruckner Blvd.,Bronx,NY,2020-03-22
329479,A-841775,3,Left lane blocked due to accident on I-190 Southbound at NY-16 Seneca St.,Buffalo,NY,2020-03-23
329722,A-842018,3,Two lanes blocked due to accident on I-278 Brooklyn Queens Expy Eastbound at Exit 39W 65th Pl.,Woodside,NY,2020-03-24
332231,A-844527,3,Accident on I-495 Blue Star Memorial Hwy Northbound near MA-133 Andover St.,Tewksbury,MA,2020-03-25
332308,A-844604,2,Two lanes blocked due to accident on NY-25 Jericho Tpke Eastbound at I-495 Exits 40E 40 W.,Jericho,NY,2020-03-26
333327,A-845624,3,Right lane closed due to accident on I-94 Eastbound at Mt Elliott.,Detroit,MI,2020-03-27
335275,A-847572,3,Right lane blocked and right hand shoulder blocked due to accident on I-94 Westbound at Exit 213B I-96 Exit 190A.,Detroit,MI,2020-03-28
335284,A-847581,2,Accident on I-90 Westbound at Exit 57 NY-75 Camp Rd.,Hamburg,NY,2020-04-02
335285,A-847582,4,One lane blocked due to accident on I-83 Northbound from Exit 24 Belfast Rd to Exit 27 MD-137.,Monkton,MD,2020-04-01
336294,A-848591,3,Lane blocked due to accident on I-90 Eastbound between I-79 and US-19 Peach St.,Erie,PA,2020-04-03
336343,A-848640,3,Right lane blocked due to accident on I-94 Westbound at I-75.,Detroit,MI,2020-04-04
337899,A-850196,2,Accident on Longwood Ave at Brookline Ave.,Boston,MA,2020-04-05
337905,A-850202,2,Accident on I-90 Westbound from Exit 44 NY-332 to Exit 45 I-490 Exit 29.,Victor,NY,2020-04-06
339523,A-851822,2,Accident on Payne Ave at NY-429 Ward Rd.,North Tonawanda,NY,2020-04-07
340577,A-852876,2,Accident on PA-646 Summit Rd at Wolf Run Rd.,Bradford,PA,2020-04-08
341582,A-853881,2,Exit ramp from Kensington Expy Westbound to NY-198 Westbound lane blocked due to accident.,Buffalo,NY,2020-04-09
342802,A-855101,3,Left lane blocked due to accident on I-290 Westbound at Exit 2 NY-425 Colvin Blvd.,Tonawanda,NY,2020-04-10
342855,A-855154,2,Accident on I-87 Northbound at Exits 2E 2W NY-5 Central Ave.,Albany,NY,2020-04-11
343959,A-856258,3,Left lane blocked due to accident on I-95 Northbound at Exit 14 I-78.,Newark,NJ,2020-04-12
344772,A-857071,2,Accident on I-90 Westbound at Exit 50 I-290 .,Buffalo,NY,2020-04-13
346076,A-858375,3,Left lane blocked due to accident on I-290 Westbound at Exit 2 NY-425 Colvin Blvd.,Tonawanda,NY,2020-04-14
346093,A-858392,3,Right and center lane blocked and right hand shoulder blocked due to accident on I-94 Eastbound at Edsel Ford Fwy.,Detroit,MI,2020-04-15
348266,A-860565,2,Right lane blocked due to accident on NY-33 Kensington Expy Westbound at NY-240 Harlem Rd.,Buffalo,NY,2020-04-16
349350,A-861649,2,Traffic problem due to accident on PA-646 Summit Rd both ways at PA-346 Derrick Rd.,Derrick City,PA,2020-04-17
349462,A-861761,2,Right lane blocked due to accident on I-95 Southbound at Exit 16 Cedar St.,New Rochelle,NY,2020-04-18
350913,A-863212,2,Accident on I-190 Northbound at Exit 19 CR-75 Whitehaven Rd.,Grand Island,NY,2020-04-19
350940,A-863239,3,Left and center lane blocked due to accident on I-678 Southbound at Exits 5 6 Van Wyck Expy.,Richmond Hill,NY,2020-04-20
352450,A-864749,2,Accident on I-190 Southbound at Exit 15 NY-325 Sheridan Dr.,Tonawanda,NY,2020-04-21
353541,A-865840,2,Accident on US-62 Walnut Ave at 21st St.,Niagara Falls,NY,2020-04-22
353679,A-865978,2,Accident on I-95 both ways at Exit 16 Cedar St.,New Rochelle,NY,2020-04-23
354711,A-867010,1,Accident on exit ramp from I-890 Eastbound at Exit 4B to North Ave.,Schenectady,NY,2020-04-24
357176,A-869475,3,Accident on I-190 Southbound at Exits 1-52 54-61 I-90 Exit 53.,Buffalo,NY,2020-04-25
357502,A-869801,2,Accident on I-90 Westbound at Exit 48/ NY-77.,Corfu,NY,2020-04-26
357794,A-870093,3,Right lane blocked due to accident on I-190 Northbound at Exit 9 Porter Ave.,Buffalo,NY,2020-04-27
358958,A-871257,2,Accident on I-90 Eastbound from Exit 52A CR-207 William St to Exit 52 Walden Ave.,Buffalo,NY,2020-04-28
361263,A-873562,3,Right lane blocked due to accident on I-190 Southbound at Exit 11 NY-198.,Buffalo,NY,2020-02-29
361299,A-873598,2,Two lanes blocked due to accident on Belt Pkwy Westbound at Exits 7 7A Leif Ericson Dr.,Brooklyn,NY,2020-02-28
361553,A-873852,3,Entry ramp to I-59 Northbound from Pump Slough Rd closed due to flooding.,Pearl River,LA,2020-02-25
361580,A-873879,3,Entry ramp to I-59 Northbound from I-59 Service Rd closed due to flooding.,Pearl River,LA,2020-02-24
361850,A-874149,3,Right lane blocked due to accident on I-190 Southbound near Exit 6 Elm St.,Buffalo,NY,2020-03-01
362384,A-874683,2,Accident on I-90 Westbound at Exit 59 NY-60 Bennett Rd.,Dunkirk,NY,2020-03-02
366657,A-878957,3,Accident on I-90 Westbound from I-90 Exits 51 to I-90 Exits 52.,Buffalo,NY,2020-01-04
366676,A-878976,3,Exit ramp from I-94 Eastbound at Exit 220B to Conner St lane blocked due to accident.,Detroit,MI,2020-01-05
367044,A-879346,3,One lane blocked due to accident on I-25 Northbound at County Line Rd.,Larkspur,CO,2020-01-03
367657,A-879959,2,Accident on US-219 Northbound at CR-49 Genesee Rd.,Springville,NY,2020-01-06
367738,A-880040,3,Right lane blocked due to accident on I-96 Eastbound at I-96 Exit 164 / I-275 .,Novi,MI,2020-01-07
369858,A-882160,2,Accident on Linden Rd at Wilson Rd.,Clio,MI,2020-01-08
374053,A-886356,3,Lef lane blocked due to accident on I-190 Southbound after Exit 18A Stony Point Ext.,Grand Island,NY,2020-01-09
374341,A-886644,1,Accident on Silverton Rd at Stapleton Ave.,Brick,NJ,2020-01-10
376197,A-888500,3,Left lane blocked due to accident on I-94 Westbound around Exit 198-199 Merriman Rd.,Romulus,MI,2020-01-11
378512,A-890815,3,Left lane blocked and left hand shoulder blocked due to accident on I-96 Eastbound at Exit 183 M-39 Exit 11A.,Detroit,MI,2020-01-12
379483,A-891786,3,Left lane blocked due to accident on I-190 Northbound at Exit 15 NY-325 Sheridan Dr.,Tonawanda,NY,2020-01-13
379741,A-892044,2,Accident on I-87 at Exit 17 I-84 Exits 7A 7B.,Newburgh,NY,2020-01-14
381926,A-894229,2,Accident on Gale Rd at Burpee Rd.,Grand Blanc,MI,2020-01-15
384430,A-896733,2,Accident on Court St at Bradley Ave.,Flint,MI,2020-01-16
386931,A-899234,3,Right lane blocked due to accident on I-278 Brooklyn Queens Expy Eastbound at Exit 27 Atlantic Ave.,Brooklyn,NY,2020-01-17
388989,A-901292,2,Accident on M-21 Corunna Rd at Morrish Rd.,Flint,MI,2020-01-18
391467,A-903770,2,Right hand shoulder blocked due to accident on I-90 Eastbound at Exits 3 4 NY-85.,Albany,NY,2020-01-19
392221,A-904524,2,Right lane blocked and right hand shoulder blocked due to accident on M-10 John C Lodge Fwy Northbound at M-39 Exit 16 / Northwestern Hwy.,Southfield,MI,2020-01-20
392752,A-905055,2,Accident on Atherton Rd at Fenton Rd.,Flint,MI,2020-01-21
394874,A-907177,3,Right lane closed and right hand shoulder closed due to accident on I-64 Westbound in Westbriar.,Henrico,VA,2020-01-22
396645,A-908955,3,Right lane blocked due to accident on I-690 Eastbound after I-81.,Syracuse,NY,2020-01-23
398712,A-911023,2,Accident on NY-78 Transit St at Ontario St.,Lockport,NY,2020-01-24
398720,A-911031,3,Right lane blocked due to accident on I-90 Eastbound after Exit 50A CR-141 Cleveland Dr.,Buffalo,NY,2020-01-25
403419,A-915730,3,Lane blocked due to accident on I-87 Northbound at Exit 23 CR-35 Diamond Point Rd.,Lake George,NY,2020-01-26
404736,A-917047,2,Accident on I-90 Westbound at Exit 60 NY-394 Portage St.,Westfield,NY,2020-01-27
404819,A-917130,3,Left lane blocked due to accident on I-87 Southbound at Kingston (Rte 28).,Kingston,NY,2020-01-28
406791,A-919102,2,One lane blocked due to accident on NY-79 Eastbound at Doolittle Rd.,Windsor,NY,2020-01-29
408931,A-921242,2,Accident on M-54 Dort Hwy at Saginaw Rd.,Clio,MI,2020-01-30
411054,A-923365,3,Right lane blocked due to accident on I-94 Eastbound at Exit 128 Michigan Ave.,Parma,MI,2020-01-31
413034,A-925346,2,Right hand shoulder blocked due to accident on Taconic State Pkwy Northbound after NY-203.,Chatham,NY,2020-02-01
415242,A-927554,3,Left lane blocked and left hand shoulder blocked due to accident on I-95 Southbound from Exit 15W I-280 to Exit 15X Seaview Dr.,Secaucus,NJ,2020-02-02
416028,A-928340,3,Left lane blocked due to accident on I-80 Westbound at Exits 34A 34B NJ-15.,Wharton,NJ,2020-02-03
416617,A-928929,2,Accident on I-90 Eastbound at Exit 48A NY-77 Alleghany Rd.,Corfu,NY,2020-02-04
420906,A-933218,2,Left lane blocked due to accident on NY-33 Kensington Expy Westbound at Eggert Rd.,Buffalo,NY,2020-02-05
421137,A-933449,3,Right lane blocked due to accident on I-280 Eastbound at Exit 15 NJ-21 Mccarter Hwy.,Newark,NJ,2020-02-06
423472,A-935784,2,Accident on M-54 Dort Hwy at Mt Morris Rd.,Mount Morris,MI,2020-02-07
426240,A-938552,2,Left hand shoulder blocked due to accident on I-94 Westbound at Exit 190 Belleville Rd.,Belleville,MI,2020-02-08
428910,A-941222,2,Lane blocked due to accident on NY-2 at Bulson Rd.,Troy,NY,2020-02-09
429532,A-941844,3,Two lanes blocked due to accident on I-96 Eastbound at Exits 186A 186B Davison.,Detroit,MI,2020-02-10
430246,A-942558,3,Center and right lane blocked and left hand shoulder blocked due to accident on I-94 Eastbound at Exit 198-199 Merriman Rd.,Romulus,MI,2020-02-11
432572,A-944884,2,Accident on Van Slyke Rd at Hemphill Rd.,Flint,MI,2020-02-12
434957,A-947269,2,Right hand shoulder closed due to accident on I-94 Eastbound at Exit 198-199 Merriman Rd.,Romulus,MI,2020-02-13
437143,A-949455,3,Accident on I-90 Westbound at CR-77.,Corfu,NY,2020-02-14
439772,A-952084,2,Right hand shoulder blocked due to accident on I-96 Eastbound at Kent Lake Rd.,New Hudson,MI,2020-02-15
442260,A-954573,2,Left lane blocked due to accident on Fdr Dr Northbound at Exit 11 53rd St.,New York,NY,2020-02-16
442925,A-955238,4,Lane blocked due to accident on I-85 Southbound from Exits 38 39 I-77 Exits 13A 13B to Exit 37 Beatties Ford Rd.,Charlotte,NC,2020-02-17
443490,A-955803,2,Left and center lane blocked due to accident on M-10 John C Lodge Fwy Southbound at US-24 Telegraph Rd.,Southfield,MI,2020-02-18
446366,A-958679,4,Right hand shoulder blocked due to accident on I-75 Northbound from GA-166 Langford Pkwy to Exit 244 University Ave.,Atlanta,GA,2020-02-19
447775,A-960088,3,Accident on I-87 Southbound before Exit 21B US-9W.,West Coxsackie,NY,2020-02-20
452022,A-964335,2,Right lane blocked due to accident on I-90 Westbound at Exit 53 I-190 .,Buffalo,NY,2020-02-21
452276,A-964589,2,Right hand shoulder blocked due to accident on Taconic State Pkwy Southbound at NY-82.,Lagrangeville,NY,2020-02-22
454367,A-966680,2,Exit ramp from FL-826 Westbound to Nw 167th St Westbound closed. Emergency vehicles.,Miami Gardens,FL,2020-02-23
457788,A-970101,3,Left hand shoulder blocked and left and center lane blocked due to accident on I-94 Westbound at Exit 202 US-24 Telegraph Rd.,Taylor,MI,2020-02-26
459987,A-972300,2,Right and center lane blocked due to accident on Garden State Pkwy Express Lane Southbound at Exit 117 Garden State Pkwy Exit 117.,Hazlet,NJ,2020-02-27
465714,A-978027,2,Accident on I-90 Westbound between Exit 48 NY-98 and Exit 49 NY-78 Transit Rd.,Buffalo,NY,2020-01-01
466059,A-978375,2,Accident on Oak Ridge Rd at Tiner Ave.,Orlando,FL,2020-01-02
470317,A-2954032,2,I5 S BIRMINGHAM NO. 504C; MAKE 1185 - 3A NEG ON ROT - FOR BLU FORD RANGER [Shared],Cardiff By the Sea,CA,2020-12-04
806164,A-3294664,2,Incident on SC-183 near SC-253 Expect delays.,Greenville,SC,2020-05-04
1115336,A-3605758,2,At IN-243/Exit 37 - Accident. Right lane blocked.,Reelsville,IN,2020-03-29
1116428,A-3606850,2,At VT-73 - Accident. Right lane closed.,Brandon,VT,2020-03-30
1118015,A-3608437,3,At Lewis St - Overturned vehicle. Left lane blocked.,Indianapolis,IN,2020-03-31
