,EventId,Type,Severity,Weather_Start_Time(UTC),EndTime(UTC),TimeZone,AirportCode,City,State,ID,Accident_Severity,Accident_Start_Time,Accident_End_Time,Description
0,W-1940944,Fog,Moderate,2020-01-07 16:53:00,2020-01-07 17:53:00,US/Mountain,KLND,Lander,WY,,,,,
1,W-1940945,Snow,Light,2020-01-14 17:43:00,2020-01-14 18:29:00,US/Mountain,KLND,Lander,WY,,,,,
2,W-1940946,Snow,Light,2020-01-14 20:53:00,2020-01-14 21:53:00,US/Mountain,KLND,Lander,WY,,,,,
3,W-1940947,Snow,Light,2020-01-27 11:53:00,2020-01-27 14:19:00,US/Mountain,KLND,Lander,WY,,,,,
4,W-1940948,Snow,Moderate,2020-01-27 14:19:00,2020-01-27 14:53:00,US/Mountain,KLND,Lander,WY,,,,,
5,W-1940949,Snow,Heavy,2020-01-27 14:53:00,2020-01-27 15:13:00,US/Mountain,KLND,Lander,WY,,,,,
6,W-1940950,Snow,Light,2020-01-27 15:13:00,2020-01-27 15:35:00,US/Mountain,KLND,Lander,WY,,,,,
7,W-1940951,Snow,Moderate,2020-01-27 15:35:00,2020-01-27 16:44:00,US/Mountain,KLND,Lander,WY,,,,,
8,W-1940952,Snow,Light,2020-01-27 16:44:00,2020-01-27 17:53:00,US/Mountain,KLND,Lander,WY,,,,,
9,W-1940953,Snow,Light,2020-01-27 20:53:00,2020-01-27 21:53:00,US/Mountain,KLND,Lander,WY,,,,,
10,W-1940954,Snow,Light,2020-01-27 22:32:00,2020-01-27 22:46:00,US/Mountain,KLND,Lander,WY,,,,,
11,W-1940955,Snow,Light,2020-01-29 08:18:00,2020-01-29 08:53:00,US/Mountain,KLND,Lander,WY,,,,,
12,W-1940956,Snow,Light,2020-01-29 09:26:00,2020-01-29 11:53:00,US/Mountain,KLND,Lander,WY,,,,,
13,W-1940957,Snow,Light,2020-01-29 12:24:00,2020-01-29 13:53:00,US/Mountain,KLND,Lander,WY,,,,,
14,W-1940958,Snow,Moderate,2020-01-29 13:53:00,2020-01-29 14:13:00,US/Mountain,KLND,Lander,WY,,,,,
15,W-1940959,Snow,Light,2020-01-29 14:13:00,2020-01-29 14:53:00,US/Mountain,KLND,Lander,WY,,,,,
16,W-1940960,Snow,Moderate,2020-01-29 14:53:00,2020-01-29 15:53:00,US/Mountain,KLND,Lander,WY,,,,,
17,W-1940961,Fog,Severe,2020-01-30 03:46:00,2020-01-30 04:37:00,US/Mountain,KLND,Lander,WY,,,,,
18,W-1940962,Fog,Severe,2020-01-30 05:42:00,2020-01-30 06:20:00,US/Mountain,KLND,Lander,WY,,,,,
19,W-1940963,Snow,Light,2020-01-30 11:53:00,2020-01-30 12:08:00,US/Mountain,KLND,Lander,WY,,,,,
20,W-1940964,Snow,Light,2020-02-03 04:20:00,2020-02-03 04:41:00,US/Mountain,KLND,Lander,WY,,,,,
21,W-1940965,Snow,Moderate,2020-02-03 04:41:00,2020-02-03 05:28:00,US/Mountain,KLND,Lander,WY,,,,,
22,W-1940966,Snow,Light,2020-02-03 05:28:00,2020-02-03 05:38:00,US/Mountain,KLND,Lander,WY,,,,,
23,W-1940967,Snow,Moderate,2020-02-03 05:38:00,2020-02-03 06:05:00,US/Mountain,KLND,Lander,WY,,,,,
24,W-1940968,Snow,Light,2020-02-03 06:05:00,2020-02-03 06:22:00,US/Mountain,KLND,Lander,WY,,,,,
25,W-1940969,Snow,Moderate,2020-02-03 06:22:00,2020-02-03 06:53:00,US/Mountain,KLND,Lander,WY,,,,,
26,W-1940970,Snow,Heavy,2020-02-03 06:53:00,2020-02-03 07:28:00,US/Mountain,KLND,Lander,WY,,,,,
27,W-1940971,Snow,Moderate,2020-02-03 07:28:00,2020-02-03 07:39:00,US/Mountain,KLND,Lander,WY,,,,,
28,W-1940972,Snow,Heavy,2020-02-03 07:39:00,2020-02-03 09:53:00,US/Mountain,KLND,Lander,WY,,,,,
29,W-1940973,Snow,Moderate,2020-02-03 09:53:00,2020-02-03 10:07:00,US/Mountain,KLND,Lander,WY,,,,,
30,W-1940974,Snow,Light,2020-02-03 10:07:00,2020-02-03 10:53:00,US/Mountain,KLND,Lander,WY,,,,,
31,W-1940975,Snow,Moderate,2020-02-03 10:53:00,2020-02-03 14:18:00,US/Mountain,KLND,Lander,WY,,,,,
32,W-1940976,Snow,Light,2020-02-03 14:18:00,2020-02-03 14:42:00,US/Mountain,KLND,Lander,WY,,,,,
33,W-1940977,Snow,Moderate,2020-02-03 14:42:00,2020-02-03 15:17:00,US/Mountain,KLND,Lander,WY,,,,,
34,W-1940978,Snow,Light,2020-02-03 15:17:00,2020-02-03 15:41:00,US/Mountain,KLND,Lander,WY,,,,,
35,W-1940979,Snow,Moderate,2020-02-03 15:41:00,2020-02-03 15:53:00,US/Mountain,KLND,Lander,WY,,,,,
36,W-1940980,Snow,Heavy,2020-02-03 15:53:00,2020-02-03 16:16:00,US/Mountain,KLND,Lander,WY,,,,,
37,W-1940981,Snow,Light,2020-02-03 16:16:00,2020-02-03 19:31:00,US/Mountain,KLND,Lander,WY,,,,,
38,W-1940982,Snow,Moderate,2020-02-03 19:31:00,2020-02-03 22:16:00,US/Mountain,KLND,Lander,WY,,,,,
39,W-1940983,Snow,Light,2020-02-03 22:16:00,2020-02-03 23:53:00,US/Mountain,KLND,Lander,WY,,,,,
40,W-1940984,Snow,Moderate,2020-02-03 23:53:00,2020-02-04 00:06:00,US/Mountain,KLND,Lander,WY,,,,,
41,W-1940985,Snow,Light,2020-02-04 00:06:00,2020-02-04 02:53:00,US/Mountain,KLND,Lander,WY,,,,,
42,W-1940986,Snow,Moderate,2020-02-04 02:53:00,2020-02-04 03:49:00,US/Mountain,KLND,Lander,WY,,,,,
43,W-1940987,Snow,Light,2020-02-04 03:49:00,2020-02-04 11:27:00,US/Mountain,KLND,Lander,WY,,,,,
44,W-1940988,Snow,Light,2020-02-06 23:21:00,2020-02-07 01:36:00,US/Mountain,KLND,Lander,WY,,,,,
45,W-1940989,Snow,Moderate,2020-02-07 01:36:00,2020-02-07 02:00:00,US/Mountain,KLND,Lander,WY,,,,,
46,W-1940990,Snow,Light,2020-02-07 02:00:00,2020-02-07 05:53:00,US/Mountain,KLND,Lander,WY,,,,,
47,W-1940991,Snow,Light,2020-02-07 07:18:00,2020-02-07 08:53:00,US/Mountain,KLND,Lander,WY,,,,,
48,W-1940992,Snow,Light,2020-02-07 13:00:00,2020-02-07 13:12:00,US/Mountain,KLND,Lander,WY,,,,,
49,W-1940993,Snow,Light,2020-02-07 13:53:00,2020-02-07 15:53:00,US/Mountain,KLND,Lander,WY,,,,,
50,W-1940994,Fog,Severe,2020-02-08 01:53:00,2020-02-08 02:47:00,US/Mountain,KLND,Lander,WY,,,,,
51,W-1940995,Fog,Severe,2020-02-08 02:53:00,2020-02-08 16:10:00,US/Mountain,KLND,Lander,WY,,,,,
52,W-1940996,Snow,Light,2020-02-09 04:20:00,2020-02-09 07:53:00,US/Mountain,KLND,Lander,WY,,,,,
53,W-1940997,Snow,Moderate,2020-02-09 07:53:00,2020-02-09 08:05:00,US/Mountain,KLND,Lander,WY,,,,,
54,W-1940998,Snow,Light,2020-02-09 08:05:00,2020-02-09 08:53:00,US/Mountain,KLND,Lander,WY,,,,,
55,W-1940999,Snow,Light,2020-02-10 15:53:00,2020-02-10 18:53:00,US/Mountain,KLND,Lander,WY,,,,,
56,W-1941000,Snow,Light,2020-02-12 17:24:00,2020-02-12 18:19:00,US/Mountain,KLND,Lander,WY,,,,,
57,W-1941001,Snow,Light,2020-02-13 00:06:00,2020-02-13 00:47:00,US/Mountain,KLND,Lander,WY,,,,,
58,W-1941002,Fog,Severe,2020-02-13 17:49:00,2020-02-13 18:05:00,US/Mountain,KLND,Lander,WY,,,,,
59,W-1941003,Fog,Severe,2020-02-13 18:13:00,2020-02-13 18:24:00,US/Mountain,KLND,Lander,WY,,,,,
60,W-1941004,Fog,Severe,2020-02-14 04:15:00,2020-02-14 05:20:00,US/Mountain,KLND,Lander,WY,,,,,
61,W-1941005,Fog,Severe,2020-02-14 11:45:00,2020-02-14 15:58:00,US/Mountain,KLND,Lander,WY,,,,,
62,W-1941006,Fog,Severe,2020-02-20 07:53:00,2020-02-20 08:03:00,US/Mountain,KLND,Lander,WY,,,,,
63,W-1941007,Snow,Light,2020-02-25 05:31:00,2020-02-25 05:53:00,US/Mountain,KLND,Lander,WY,,,,,
64,W-1941008,Snow,Light,2020-02-25 06:02:00,2020-02-25 07:53:00,US/Mountain,KLND,Lander,WY,,,,,
65,W-1941009,Snow,Moderate,2020-02-25 07:53:00,2020-02-25 08:12:00,US/Mountain,KLND,Lander,WY,,,,,
66,W-1941010,Snow,Light,2020-02-25 08:12:00,2020-02-25 08:41:00,US/Mountain,KLND,Lander,WY,,,,,
67,W-1941011,Snow,Moderate,2020-02-25 08:41:00,2020-02-25 08:59:00,US/Mountain,KLND,Lander,WY,,,,,
68,W-1941012,Snow,Light,2020-02-25 08:59:00,2020-02-25 10:31:00,US/Mountain,KLND,Lander,WY,,,,,
69,W-1941013,Snow,Moderate,2020-02-25 10:31:00,2020-02-25 10:59:00,US/Mountain,KLND,Lander,WY,,,,,
70,W-1941014,Snow,Light,2020-02-25 10:59:00,2020-02-25 12:53:00,US/Mountain,KLND,Lander,WY,,,,,
71,W-1941015,Snow,Light,2020-02-25 13:53:00,2020-02-25 14:53:00,US/Mountain,KLND,Lander,WY,,,,,
72,W-1941016,Snow,Light,2020-02-25 15:21:00,2020-02-25 17:44:00,US/Mountain,KLND,Lander,WY,,,,,
73,W-1941017,Cold,Severe,2020-02-27 16:53:00,2020-02-27 18:53:00,US/Mountain,KLND,Lander,WY,,,,,
74,W-1941018,Snow,Light,2020-03-01 10:53:00,2020-03-01 11:49:00,US/Mountain,KLND,Lander,WY,,,,,
75,W-1941019,Snow,Moderate,2020-03-01 11:49:00,2020-03-01 12:53:00,US/Mountain,KLND,Lander,WY,,,,,
76,W-1941020,Snow,Heavy,2020-03-01 12:53:00,2020-03-01 13:01:00,US/Mountain,KLND,Lander,WY,,,,,
77,W-1941021,Snow,Light,2020-03-01 13:01:00,2020-03-01 13:31:00,US/Mountain,KLND,Lander,WY,,,,,
78,W-1941022,Snow,Moderate,2020-03-01 13:31:00,2020-03-01 14:40:00,US/Mountain,KLND,Lander,WY,,,,,
79,W-1941023,Snow,Heavy,2020-03-01 14:40:00,2020-03-01 16:39:00,US/Mountain,KLND,Lander,WY,,,,,
80,W-1941024,Snow,Moderate,2020-03-01 16:39:00,2020-03-01 17:32:00,US/Mountain,KLND,Lander,WY,,,,,
81,W-1941025,Snow,Light,2020-03-01 17:32:00,2020-03-01 17:53:00,US/Mountain,KLND,Lander,WY,,,,,
82,W-1941026,Snow,Moderate,2020-03-01 17:53:00,2020-03-01 18:26:00,US/Mountain,KLND,Lander,WY,,,,,
83,W-1941027,Snow,Light,2020-03-01 18:26:00,2020-03-01 18:53:00,US/Mountain,KLND,Lander,WY,,,,,
84,W-1941028,Snow,Moderate,2020-03-01 18:53:00,2020-03-01 20:00:00,US/Mountain,KLND,Lander,WY,,,,,
85,W-1941029,Snow,Light,2020-03-01 20:00:00,2020-03-01 21:23:00,US/Mountain,KLND,Lander,WY,,,,,
86,W-1941030,Fog,Severe,2020-03-09 08:53:00,2020-03-09 09:21:00,US/Mountain,KLND,Lander,WY,,,,,
87,W-1941031,Fog,Severe,2020-03-09 09:44:00,2020-03-09 10:13:00,US/Mountain,KLND,Lander,WY,,,,,
88,W-1941032,Fog,Severe,2020-03-09 10:44:00,2020-03-09 11:14:00,US/Mountain,KLND,Lander,WY,,,,,
89,W-1941033,Fog,Severe,2020-03-09 12:22:00,2020-03-09 12:38:00,US/Mountain,KLND,Lander,WY,,,,,
90,W-1941034,Fog,Severe,2020-03-09 14:20:00,2020-03-09 19:46:00,US/Mountain,KLND,Lander,WY,,,,,
91,W-1941035,Snow,Light,2020-03-12 15:53:00,2020-03-12 16:19:00,US/Mountain,KLND,Lander,WY,,,,,
92,W-1941036,Fog,Severe,2020-03-12 16:49:00,2020-03-12 17:23:00,US/Mountain,KLND,Lander,WY,,,,,
93,W-1941037,Fog,Severe,2020-03-12 19:58:00,2020-03-12 20:10:00,US/Mountain,KLND,Lander,WY,,,,,
94,W-1941038,Snow,Light,2020-03-13 16:53:00,2020-03-13 17:53:00,US/Mountain,KLND,Lander,WY,,,,,
95,W-1941039,Fog,Severe,2020-03-16 14:41:00,2020-03-16 17:53:00,US/Mountain,KLND,Lander,WY,,,,,
96,W-1941040,Fog,Severe,2020-03-16 18:00:00,2020-03-16 18:33:00,US/Mountain,KLND,Lander,WY,,,,,
97,W-1941041,Snow,Light,2020-03-19 15:53:00,2020-03-19 20:43:00,US/Mountain,KLND,Lander,WY,,,,,
98,W-1941042,Snow,Light,2020-03-20 01:53:00,2020-03-20 02:53:00,US/Mountain,KLND,Lander,WY,,,,,
99,W-1941043,Snow,Light,2020-03-26 10:53:00,2020-03-26 12:53:00,US/Mountain,KLND,Lander,WY,,,,,
100,W-1941044,Snow,Light,2020-04-02 03:30:00,2020-04-02 03:53:00,US/Mountain,KLND,Lander,WY,,,,,
101,W-1941045,Snow,Moderate,2020-04-02 03:53:00,2020-04-02 04:02:00,US/Mountain,KLND,Lander,WY,,,,,
102,W-1941046,Snow,Light,2020-04-02 04:02:00,2020-04-02 04:53:00,US/Mountain,KLND,Lander,WY,,,,,
103,W-1941047,Snow,Moderate,2020-04-02 04:53:00,2020-04-02 05:07:00,US/Mountain,KLND,Lander,WY,,,,,
104,W-1941048,Snow,Light,2020-04-02 05:07:00,2020-04-02 05:53:00,US/Mountain,KLND,Lander,WY,,,,,
105,W-1941049,Fog,Severe,2020-04-02 05:53:00,2020-04-02 06:43:00,US/Mountain,KLND,Lander,WY,,,,,
106,W-1941050,Snow,Moderate,2020-04-02 06:43:00,2020-04-02 07:04:00,US/Mountain,KLND,Lander,WY,,,,,
107,W-1941051,Snow,Light,2020-04-02 07:04:00,2020-04-02 07:51:00,US/Mountain,KLND,Lander,WY,,,,,
108,W-1941052,Snow,Heavy,2020-04-02 07:51:00,2020-04-02 08:06:00,US/Mountain,KLND,Lander,WY,,,,,
109,W-1941053,Snow,Light,2020-04-02 08:06:00,2020-04-02 08:41:00,US/Mountain,KLND,Lander,WY,,,,,
110,W-1941054,Snow,Heavy,2020-04-02 08:41:00,2020-04-02 09:17:00,US/Mountain,KLND,Lander,WY,,,,,
111,W-1941055,Snow,Moderate,2020-04-02 09:17:00,2020-04-02 10:01:00,US/Mountain,KLND,Lander,WY,,,,,
112,W-1941056,Snow,Light,2020-04-02 10:01:00,2020-04-02 19:25:00,US/Mountain,KLND,Lander,WY,,,,,
113,W-1941057,Snow,Light,2020-04-02 19:53:00,2020-04-02 20:38:00,US/Mountain,KLND,Lander,WY,,,,,
114,W-1941058,Snow,Light,2020-04-02 23:22:00,2020-04-03 01:53:00,US/Mountain,KLND,Lander,WY,,,,,
115,W-1941059,Snow,Light,2020-04-03 02:20:00,2020-04-03 02:45:00,US/Mountain,KLND,Lander,WY,,,,,
116,W-1941060,Fog,Severe,2020-04-03 13:39:00,2020-04-03 14:05:00,US/Mountain,KLND,Lander,WY,,,,,
117,W-1941061,Fog,Severe,2020-04-03 15:45:00,2020-04-03 15:58:00,US/Mountain,KLND,Lander,WY,,,,,
118,W-1941062,Rain,Light,2020-04-05 22:53:00,2020-04-05 23:53:00,US/Mountain,KLND,Lander,WY,,,,,
119,W-1941063,Storm,Severe,2020-04-06 19:53:00,2020-04-06 20:53:00,US/Mountain,KLND,Lander,WY,,,,,
120,W-1941064,Rain,Light,2020-04-09 04:53:00,2020-04-09 05:53:00,US/Mountain,KLND,Lander,WY,,,,,
121,W-1941065,Snow,Light,2020-04-12 01:45:00,2020-04-12 02:44:00,US/Mountain,KLND,Lander,WY,,,,,
122,W-1941066,Snow,Moderate,2020-04-12 02:44:00,2020-04-12 03:01:00,US/Mountain,KLND,Lander,WY,,,,,
123,W-1941067,Snow,Light,2020-04-12 03:01:00,2020-04-12 03:36:00,US/Mountain,KLND,Lander,WY,,,,,
124,W-1941068,Snow,Moderate,2020-04-12 03:36:00,2020-04-12 04:43:00,US/Mountain,KLND,Lander,WY,,,,,
125,W-1941069,Snow,Heavy,2020-04-12 04:43:00,2020-04-12 05:07:00,US/Mountain,KLND,Lander,WY,,,,,
126,W-1941070,Snow,Light,2020-04-12 05:07:00,2020-04-12 05:53:00,US/Mountain,KLND,Lander,WY,,,,,
127,W-1941071,Snow,Moderate,2020-04-12 05:53:00,2020-04-12 06:53:00,US/Mountain,KLND,Lander,WY,,,,,
128,W-1941072,Snow,Heavy,2020-04-12 06:53:00,2020-04-12 07:53:00,US/Mountain,KLND,Lander,WY,,,,,
129,W-1941073,Snow,Moderate,2020-04-12 07:53:00,2020-04-12 08:53:00,US/Mountain,KLND,Lander,WY,,,,,
130,W-1941074,Snow,Heavy,2020-04-12 08:53:00,2020-04-12 09:32:00,US/Mountain,KLND,Lander,WY,,,,,
131,W-1941075,Snow,Light,2020-04-12 09:32:00,2020-04-12 09:53:00,US/Mountain,KLND,Lander,WY,,,,,
132,W-1941076,Snow,Moderate,2020-04-12 09:53:00,2020-04-12 10:53:00,US/Mountain,KLND,Lander,WY,,,,,
133,W-1941077,Snow,Light,2020-04-12 10:53:00,2020-04-12 16:19:00,US/Mountain,KLND,Lander,WY,,,,,
134,W-1941078,Snow,Light,2020-04-12 16:29:00,2020-04-12 17:53:00,US/Mountain,KLND,Lander,WY,,,,,
135,W-1941079,Snow,Moderate,2020-04-12 17:53:00,2020-04-12 18:02:00,US/Mountain,KLND,Lander,WY,,,,,
136,W-1941080,Snow,Light,2020-04-12 18:02:00,2020-04-12 19:26:00,US/Mountain,KLND,Lander,WY,,,,,
137,W-1941081,Snow,Light,2020-04-12 20:22:00,2020-04-12 21:24:00,US/Mountain,KLND,Lander,WY,,,,,
138,W-1941082,Snow,Light,2020-04-12 22:15:00,2020-04-12 22:29:00,US/Mountain,KLND,Lander,WY,,,,,
139,W-1941083,Snow,Light,2020-04-13 03:08:00,2020-04-13 04:53:00,US/Mountain,KLND,Lander,WY,,,,,
140,W-1941084,Snow,Moderate,2020-04-13 04:53:00,2020-04-13 05:23:00,US/Mountain,KLND,Lander,WY,,,,,
141,W-1941085,Snow,Light,2020-04-13 05:23:00,2020-04-13 05:53:00,US/Mountain,KLND,Lander,WY,,,,,
142,W-1941086,Snow,Moderate,2020-04-13 05:53:00,2020-04-13 05:57:00,US/Mountain,KLND,Lander,WY,,,,,
143,W-1941087,Snow,Light,2020-04-13 05:57:00,2020-04-13 09:53:00,US/Mountain,KLND,Lander,WY,,,,,
144,W-1941088,Snow,Moderate,2020-04-13 09:53:00,2020-04-13 10:10:00,US/Mountain,KLND,Lander,WY,,,,,
145,W-1941089,Snow,Light,2020-04-13 10:10:00,2020-04-13 11:53:00,US/Mountain,KLND,Lander,WY,,,,,
146,W-1941090,Snow,Light,2020-04-13 12:53:00,2020-04-13 14:01:00,US/Mountain,KLND,Lander,WY,,,,,
147,W-1941091,Snow,Light,2020-04-15 19:53:00,2020-04-16 00:53:00,US/Mountain,KLND,Lander,WY,,,,,
148,W-1941092,Snow,Moderate,2020-04-16 00:53:00,2020-04-16 01:53:00,US/Mountain,KLND,Lander,WY,,,,,
149,W-1941093,Snow,Heavy,2020-04-16 01:53:00,2020-04-16 02:53:00,US/Mountain,KLND,Lander,WY,,,,,
150,W-1941094,Fog,Severe,2020-04-16 02:53:00,2020-04-16 14:03:00,US/Mountain,KLND,Lander,WY,,,,,
151,W-1941095,Snow,Light,2020-04-16 14:03:00,2020-04-16 15:49:00,US/Mountain,KLND,Lander,WY,,,,,
152,W-1941096,Snow,Moderate,2020-04-16 15:49:00,2020-04-16 16:10:00,US/Mountain,KLND,Lander,WY,,,,,
153,W-1941097,Snow,Light,2020-04-16 16:10:00,2020-04-16 16:42:00,US/Mountain,KLND,Lander,WY,,,,,
154,W-1941098,Snow,Moderate,2020-04-16 16:42:00,2020-04-16 16:51:00,US/Mountain,KLND,Lander,WY,,,,,
155,W-1941099,Snow,Heavy,2020-04-16 16:51:00,2020-04-16 17:04:00,US/Mountain,KLND,Lander,WY,,,,,
156,W-1941100,Snow,Light,2020-04-16 17:04:00,2020-04-16 18:13:00,US/Mountain,KLND,Lander,WY,,,,,
157,W-1941101,Rain,Light,2020-04-23 21:53:00,2020-04-23 22:53:00,US/Mountain,KLND,Lander,WY,,,,,
158,W-1941102,Rain,Light,2020-04-24 01:27:00,2020-04-24 02:35:00,US/Mountain,KLND,Lander,WY,,,,,
159,W-1941103,Rain,Light,2020-04-24 04:53:00,2020-04-24 06:28:00,US/Mountain,KLND,Lander,WY,,,,,
160,W-1941104,Storm,Severe,2020-04-30 22:53:00,2020-04-30 23:53:00,US/Mountain,KLND,Lander,WY,,,,,
161,W-1941105,Rain,Light,2020-05-01 19:53:00,2020-05-01 20:53:00,US/Mountain,KLND,Lander,WY,,,,,
162,W-1941106,Rain,Light,2020-05-09 01:48:00,2020-05-09 02:51:00,US/Mountain,KLND,Lander,WY,,,,,
163,W-1941107,Rain,Light,2020-05-09 03:29:00,2020-05-09 05:53:00,US/Mountain,KLND,Lander,WY,,,,,
164,W-1941108,Fog,Moderate,2020-05-10 07:53:00,2020-05-10 08:53:00,US/Mountain,KLND,Lander,WY,,,,,
165,W-1941109,Rain,Light,2020-05-12 00:53:00,2020-05-12 02:53:00,US/Mountain,KLND,Lander,WY,,,,,
166,W-1941110,Rain,Light,2020-05-12 11:53:00,2020-05-12 12:53:00,US/Mountain,KLND,Lander,WY,,,,,
167,W-1941111,Rain,Light,2020-05-13 11:53:00,2020-05-13 12:53:00,US/Mountain,KLND,Lander,WY,,,,,
168,W-1941112,Cold,Severe,2020-05-15 17:53:00,2020-05-15 18:53:00,US/Mountain,KLND,Lander,WY,,,,,
169,W-1941113,Rain,Light,2020-05-30 05:00:00,2020-05-30 05:53:00,US/Mountain,KLND,Lander,WY,,,,,
170,W-1941114,Storm,Severe,2020-05-30 23:53:00,2020-05-31 00:17:00,US/Mountain,KLND,Lander,WY,,,,,
171,W-1941115,Rain,Light,2020-06-03 19:53:00,2020-06-03 21:53:00,US/Mountain,KLND,Lander,WY,,,,,
172,W-1941116,Rain,Light,2020-06-06 21:53:00,2020-06-06 22:53:00,US/Mountain,KLND,Lander,WY,,,,,
173,W-1941117,Rain,Moderate,2020-06-06 22:53:00,2020-06-06 23:53:00,US/Mountain,KLND,Lander,WY,,,,,
174,W-1941118,Rain,Light,2020-06-07 00:49:00,2020-06-07 00:53:00,US/Mountain,KLND,Lander,WY,,,,,
175,W-1941119,Storm,Severe,2020-06-07 00:53:00,2020-06-07 01:53:00,US/Mountain,KLND,Lander,WY,,,,,
176,W-1941120,Rain,Light,2020-06-07 22:01:00,2020-06-07 22:17:00,US/Mountain,KLND,Lander,WY,,,,,
177,W-1941121,Rain,Light,2020-06-07 22:32:00,2020-06-07 22:53:00,US/Mountain,KLND,Lander,WY,,,,,
178,W-1941122,Storm,Severe,2020-06-13 18:53:00,2020-06-13 19:53:00,US/Mountain,KLND,Lander,WY,,,,,
179,W-1941123,Storm,Severe,2020-06-13 20:53:00,2020-06-13 21:53:00,US/Mountain,KLND,Lander,WY,,,,,
180,W-1941124,Rain,Light,2020-06-17 02:53:00,2020-06-17 04:53:00,US/Mountain,KLND,Lander,WY,,,,,
181,W-1941125,Rain,Light,2020-06-17 13:53:00,2020-06-17 14:53:00,US/Mountain,KLND,Lander,WY,,,,,
182,W-1941126,Rain,Light,2020-06-19 00:27:00,2020-06-19 00:53:00,US/Mountain,KLND,Lander,WY,,,,,
183,W-1941127,Rain,Light,2020-06-25 01:53:00,2020-06-25 02:53:00,US/Mountain,KLND,Lander,WY,,,,,
184,W-1941128,Rain,Light,2020-06-25 23:53:00,2020-06-26 00:07:00,US/Mountain,KLND,Lander,WY,,,,,
185,W-1941129,Rain,Light,2020-06-26 04:53:00,2020-06-26 06:53:00,US/Mountain,KLND,Lander,WY,,,,,
186,W-1941130,Rain,Light,2020-06-28 17:53:00,2020-06-28 18:53:00,US/Mountain,KLND,Lander,WY,,,,,
187,W-1941131,Rain,Light,2020-06-28 23:27:00,2020-06-28 23:53:00,US/Mountain,KLND,Lander,WY,,,,,
188,W-1941132,Rain,Light,2020-06-29 06:53:00,2020-06-29 07:53:00,US/Mountain,KLND,Lander,WY,,,,,
189,W-1941133,Rain,Light,2020-07-12 20:53:00,2020-07-12 21:53:00,US/Mountain,KLND,Lander,WY,,,,,
190,W-1941134,Rain,Light,2020-07-23 06:53:00,2020-07-23 07:53:00,US/Mountain,KLND,Lander,WY,,,,,
191,W-1941135,Rain,Light,2020-07-24 01:15:00,2020-07-24 02:53:00,US/Mountain,KLND,Lander,WY,,,,,
192,W-1941136,Rain,Light,2020-07-27 20:53:00,2020-07-27 21:00:00,US/Mountain,KLND,Lander,WY,,,,,
193,W-1941137,Rain,Light,2020-07-27 21:32:00,2020-07-27 21:53:00,US/Mountain,KLND,Lander,WY,,,,,
194,W-1941138,Rain,Light,2020-07-28 15:53:00,2020-07-28 17:53:00,US/Mountain,KLND,Lander,WY,,,,,
195,W-1941139,Rain,Light,2020-07-28 21:10:00,2020-07-28 21:23:00,US/Mountain,KLND,Lander,WY,,,,,
196,W-1941140,Rain,Light,2020-07-28 22:53:00,2020-07-28 23:53:00,US/Mountain,KLND,Lander,WY,,,,,
197,W-1941141,Rain,Light,2020-07-29 23:53:00,2020-07-30 00:53:00,US/Mountain,KLND,Lander,WY,,,,,
198,W-1941142,Storm,Severe,2020-08-12 00:53:00,2020-08-12 01:53:00,US/Mountain,KLND,Lander,WY,,,,,
199,W-1941143,Cold,Severe,2020-08-20 23:53:00,2020-08-21 00:53:00,US/Mountain,KLND,Lander,WY,,,,,
200,W-1941144,Fog,Moderate,2020-08-21 11:53:00,2020-08-21 12:53:00,US/Mountain,KLND,Lander,WY,,,,,
201,W-1941145,Fog,Moderate,2020-08-21 15:53:00,2020-08-21 16:53:00,US/Mountain,KLND,Lander,WY,,,,,
202,W-1941146,Fog,Moderate,2020-08-21 17:53:00,2020-08-21 18:53:00,US/Mountain,KLND,Lander,WY,,,,,
203,W-1941147,Fog,Moderate,2020-08-21 21:53:00,2020-08-21 22:53:00,US/Mountain,KLND,Lander,WY,,,,,
204,W-1941148,Fog,Moderate,2020-08-22 01:53:00,2020-08-22 04:53:00,US/Mountain,KLND,Lander,WY,,,,,
205,W-1941149,Fog,Moderate,2020-08-22 15:53:00,2020-08-23 01:53:00,US/Mountain,KLND,Lander,WY,,,,,
206,W-1941150,Rain,Light,2020-08-26 01:53:00,2020-08-26 02:07:00,US/Mountain,KLND,Lander,WY,,,,,
207,W-1941151,Rain,Light,2020-08-26 12:53:00,2020-08-26 13:53:00,US/Mountain,KLND,Lander,WY,,,,,
208,W-1941152,Rain,Light,2020-08-26 23:17:00,2020-08-26 23:53:00,US/Mountain,KLND,Lander,WY,,,,,
209,W-1941153,Rain,Light,2020-08-31 21:53:00,2020-08-31 22:53:00,US/Mountain,KLND,Lander,WY,,,,,
210,W-1941154,Rain,Light,2020-08-31 23:53:00,2020-09-01 00:53:00,US/Mountain,KLND,Lander,WY,,,,,
211,W-1941155,Fog,Moderate,2020-09-03 11:29:00,2020-09-03 12:12:00,US/Mountain,KLND,Lander,WY,,,,,
212,W-1941156,Fog,Severe,2020-09-03 12:12:00,2020-09-03 15:18:00,US/Mountain,KLND,Lander,WY,,,,,
213,W-1941157,Fog,Moderate,2020-09-03 15:18:00,2020-09-03 22:53:00,US/Mountain,KLND,Lander,WY,,,,,
214,W-1941158,Rain,Light,2020-09-08 00:53:00,2020-09-08 02:19:00,US/Mountain,KLND,Lander,WY,,,,,
215,W-1941159,Snow,Moderate,2020-09-08 02:19:00,2020-09-08 02:49:00,US/Mountain,KLND,Lander,WY,,,,,
216,W-1941160,Snow,Heavy,2020-09-08 02:49:00,2020-09-08 04:43:00,US/Mountain,KLND,Lander,WY,,,,,
217,W-1941161,Snow,Moderate,2020-09-08 04:43:00,2020-09-08 07:53:00,US/Mountain,KLND,Lander,WY,,,,,
218,W-1941162,Snow,Heavy,2020-09-08 07:53:00,2020-09-08 08:23:00,US/Mountain,KLND,Lander,WY,,,,,
219,W-1941163,Snow,Light,2020-09-08 08:23:00,2020-09-08 08:51:00,US/Mountain,KLND,Lander,WY,,,,,
220,W-1941164,Snow,Moderate,2020-09-08 08:51:00,2020-09-08 09:19:00,US/Mountain,KLND,Lander,WY,,,,,
221,W-1941165,Snow,Light,2020-09-08 09:19:00,2020-09-08 16:53:00,US/Mountain,KLND,Lander,WY,,,,,
222,W-1941166,Fog,Severe,2020-09-08 16:53:00,2020-09-08 17:17:00,US/Mountain,KLND,Lander,WY,,,,,
223,W-1941167,Snow,Light,2020-09-08 17:53:00,2020-09-08 18:09:00,US/Mountain,KLND,Lander,WY,,,,,
224,W-1941168,Rain,Light,2020-09-10 23:53:00,2020-09-11 00:53:00,US/Mountain,KLND,Lander,WY,,,,,
225,W-1941169,Cold,Severe,2020-09-11 15:53:00,2020-09-11 16:53:00,US/Mountain,KLND,Lander,WY,,,,,
226,W-1941170,Fog,Moderate,2020-09-16 18:53:00,2020-09-16 19:53:00,US/Mountain,KLND,Lander,WY,,,,,
227,W-1941171,Fog,Moderate,2020-09-16 20:53:00,2020-09-17 02:53:00,US/Mountain,KLND,Lander,WY,,,,,
228,W-1941172,Fog,Moderate,2020-09-18 15:53:00,2020-09-18 18:53:00,US/Mountain,KLND,Lander,WY,,,,,
229,W-1941173,Fog,Moderate,2020-09-18 20:53:00,2020-09-19 02:53:00,US/Mountain,KLND,Lander,WY,,,,,
230,W-1941174,Rain,Light,2020-09-19 21:53:00,2020-09-19 22:53:00,US/Mountain,KLND,Lander,WY,,,,,
231,W-1941175,Fog,Severe,2020-09-21 18:03:00,2020-09-21 18:12:00,US/Mountain,KLND,Lander,WY,,,,,
232,W-1941176,Rain,Light,2020-10-15 18:53:00,2020-10-15 20:53:00,US/Mountain,KLND,Lander,WY,,,,,
233,W-1941177,Snow,Light,2020-10-22 13:53:00,2020-10-22 14:28:00,US/Mountain,KLND,Lander,WY,,,,,
234,W-1941178,Snow,Moderate,2020-10-22 14:28:00,2020-10-22 15:05:00,US/Mountain,KLND,Lander,WY,,,,,
235,W-1941179,Snow,Light,2020-10-22 15:05:00,2020-10-22 17:53:00,US/Mountain,KLND,Lander,WY,,,,,
236,W-1941180,Snow,Moderate,2020-10-22 17:53:00,2020-10-22 18:05:00,US/Mountain,KLND,Lander,WY,,,,,
237,W-1941181,Snow,Light,2020-10-22 18:05:00,2020-10-23 07:53:00,US/Mountain,KLND,Lander,WY,,,,,
238,W-1941182,Snow,Light,2020-10-23 22:53:00,2020-10-23 23:53:00,US/Mountain,KLND,Lander,WY,,,,,
239,W-1941183,Rain,Light,2020-10-24 20:53:00,2020-10-24 21:49:00,US/Mountain,KLND,Lander,WY,,,,,
240,W-1941184,Snow,Light,2020-10-24 22:53:00,2020-10-24 23:19:00,US/Mountain,KLND,Lander,WY,,,,,
241,W-1941185,Snow,Light,2020-10-24 23:49:00,2020-10-25 01:39:00,US/Mountain,KLND,Lander,WY,,,,,
242,W-1941186,Snow,Moderate,2020-10-25 01:39:00,2020-10-25 02:10:00,US/Mountain,KLND,Lander,WY,,,,,
243,W-1941187,Snow,Light,2020-10-25 02:10:00,2020-10-25 02:53:00,US/Mountain,KLND,Lander,WY,,,,,
244,W-1941188,Snow,Moderate,2020-10-25 02:53:00,2020-10-25 03:53:00,US/Mountain,KLND,Lander,WY,,,,,
245,W-1941189,Snow,Heavy,2020-10-25 03:53:00,2020-10-25 04:06:00,US/Mountain,KLND,Lander,WY,,,,,
246,W-1941190,Snow,Moderate,2020-10-25 04:06:00,2020-10-25 04:46:00,US/Mountain,KLND,Lander,WY,,,,,
247,W-1941191,Snow,Heavy,2020-10-25 04:46:00,2020-10-25 05:01:00,US/Mountain,KLND,Lander,WY,,,,,
248,W-1941192,Snow,Light,2020-10-25 05:01:00,2020-10-25 05:39:00,US/Mountain,KLND,Lander,WY,,,,,
249,W-1941193,Snow,Moderate,2020-10-25 05:39:00,2020-10-25 06:00:00,US/Mountain,KLND,Lander,WY,,,,,
250,W-1941194,Snow,Light,2020-10-25 06:00:00,2020-10-25 06:38:00,US/Mountain,KLND,Lander,WY,,,,,
251,W-1941195,Snow,Moderate,2020-10-25 06:38:00,2020-10-25 07:09:00,US/Mountain,KLND,Lander,WY,,,,,
252,W-1941196,Snow,Light,2020-10-25 07:09:00,2020-10-25 07:43:00,US/Mountain,KLND,Lander,WY,,,,,
253,W-1941197,Snow,Moderate,2020-10-25 07:43:00,2020-10-25 08:08:00,US/Mountain,KLND,Lander,WY,,,,,
254,W-1941198,Snow,Light,2020-10-25 08:08:00,2020-10-25 19:37:00,US/Mountain,KLND,Lander,WY,,,,,
255,W-1941199,Fog,Moderate,2020-10-25 19:37:00,2020-10-25 19:53:00,US/Mountain,KLND,Lander,WY,,,,,
256,W-1941200,Snow,Light,2020-10-25 20:53:00,2020-10-25 21:10:00,US/Mountain,KLND,Lander,WY,,,,,
257,W-1941201,Snow,Light,2020-10-26 01:19:00,2020-10-26 01:49:00,US/Mountain,KLND,Lander,WY,,,,,
258,W-1941202,Snow,Light,2020-11-09 15:19:00,2020-11-09 15:53:00,US/Mountain,KLND,Lander,WY,,,,,
259,W-1941203,Snow,Light,2020-11-11 22:32:00,2020-11-11 22:53:00,US/Mountain,KLND,Lander,WY,,,,,
260,W-1941204,Rain,Light,2020-11-18 12:53:00,2020-11-18 13:53:00,US/Mountain,KLND,Lander,WY,,,,,
261,W-1941205,Rain,Light,2020-11-18 20:53:00,2020-11-18 23:53:00,US/Mountain,KLND,Lander,WY,,,,,
262,W-1941206,Rain,Light,2020-11-19 01:53:00,2020-11-19 02:24:00,US/Mountain,KLND,Lander,WY,,,,,
263,W-1941207,Snow,Light,2020-12-01 23:34:00,2020-12-01 23:53:00,US/Mountain,KLND,Lander,WY,,,,,
264,W-1941208,Snow,Light,2020-12-02 00:46:00,2020-12-02 01:53:00,US/Mountain,KLND,Lander,WY,,,,,
265,W-1941209,Snow,Moderate,2020-12-02 01:53:00,2020-12-02 02:10:00,US/Mountain,KLND,Lander,WY,,,,,
266,W-1941210,Snow,Light,2020-12-02 02:10:00,2020-12-02 02:22:00,US/Mountain,KLND,Lander,WY,,,,,
267,W-1941211,Snow,Moderate,2020-12-02 02:22:00,2020-12-02 03:10:00,US/Mountain,KLND,Lander,WY,,,,,
268,W-1941212,Snow,Light,2020-12-02 03:10:00,2020-12-02 03:51:00,US/Mountain,KLND,Lander,WY,,,,,
269,W-1941213,Snow,Moderate,2020-12-02 03:51:00,2020-12-02 05:42:00,US/Mountain,KLND,Lander,WY,,,,,
270,W-1941214,Snow,Light,2020-12-02 05:42:00,2020-12-02 05:53:00,US/Mountain,KLND,Lander,WY,,,,,
271,W-1941215,Snow,Moderate,2020-12-02 05:53:00,2020-12-02 06:01:00,US/Mountain,KLND,Lander,WY,,,,,
272,W-1941216,Snow,Light,2020-12-02 06:01:00,2020-12-02 06:51:00,US/Mountain,KLND,Lander,WY,,,,,
273,W-1941217,Snow,Moderate,2020-12-02 06:51:00,2020-12-02 07:03:00,US/Mountain,KLND,Lander,WY,,,,,
274,W-1941218,Snow,Light,2020-12-02 07:03:00,2020-12-02 08:53:00,US/Mountain,KLND,Lander,WY,,,,,
275,W-1941219,Cold,Severe,2020-12-09 17:53:00,2020-12-09 18:53:00,US/Mountain,KLND,Lander,WY,,,,,
276,W-1941220,Snow,Light,2020-12-10 22:53:00,2020-12-11 00:34:00,US/Mountain,KLND,Lander,WY,,,,,
277,W-1941221,Snow,Light,2020-12-11 01:37:00,2020-12-11 18:53:00,US/Mountain,KLND,Lander,WY,,,,,
278,W-1941222,Snow,Light,2020-12-11 21:28:00,2020-12-11 21:53:00,US/Mountain,KLND,Lander,WY,,,,,
279,W-1941223,Snow,Light,2020-12-11 22:53:00,2020-12-12 00:35:00,US/Mountain,KLND,Lander,WY,,,,,
280,W-1941224,Fog,Severe,2020-12-12 07:00:00,2020-12-12 07:35:00,US/Mountain,KLND,Lander,WY,,,,,
281,W-1941225,Snow,Light,2020-12-12 19:07:00,2020-12-12 19:34:00,US/Mountain,KLND,Lander,WY,,,,,
282,W-1941226,Snow,Light,2020-12-12 19:48:00,2020-12-12 20:30:00,US/Mountain,KLND,Lander,WY,,,,,
283,W-1941227,Snow,Light,2020-12-13 01:53:00,2020-12-13 02:51:00,US/Mountain,KLND,Lander,WY,,,,,
284,W-1941228,Snow,Light,2020-12-14 17:30:00,2020-12-15 01:53:00,US/Mountain,KLND,Lander,WY,,,,,
285,W-1941229,Snow,Moderate,2020-12-15 01:53:00,2020-12-15 03:19:00,US/Mountain,KLND,Lander,WY,,,,,
286,W-1941230,Snow,Light,2020-12-15 03:19:00,2020-12-15 05:53:00,US/Mountain,KLND,Lander,WY,,,,,
287,W-1941231,Snow,Light,2020-12-23 04:24:00,2020-12-23 05:53:00,US/Mountain,KLND,Lander,WY,,,,,
288,W-1941232,Snow,Light,2020-12-23 10:53:00,2020-12-23 11:26:00,US/Mountain,KLND,Lander,WY,,,,,
289,W-6275860,Fog,Moderate,2020-01-07 16:53:00,2020-01-07 17:53:00,US/Mountain,KBVR,Lander,WY,,,,,
290,W-6275861,Snow,Light,2020-01-14 17:43:00,2020-01-14 18:29:00,US/Mountain,KBVR,Lander,WY,,,,,
291,W-6275862,Snow,Light,2020-01-14 20:53:00,2020-01-14 21:53:00,US/Mountain,KBVR,Lander,WY,,,,,
292,W-6275863,Snow,Light,2020-01-27 11:53:00,2020-01-27 14:19:00,US/Mountain,KBVR,Lander,WY,,,,,
293,W-6275864,Snow,Moderate,2020-01-27 14:19:00,2020-01-27 14:53:00,US/Mountain,KBVR,Lander,WY,,,,,
294,W-6275865,Snow,Heavy,2020-01-27 14:53:00,2020-01-27 15:13:00,US/Mountain,KBVR,Lander,WY,,,,,
295,W-6275866,Snow,Light,2020-01-27 15:13:00,2020-01-27 15:35:00,US/Mountain,KBVR,Lander,WY,,,,,
296,W-6275867,Snow,Moderate,2020-01-27 15:35:00,2020-01-27 16:44:00,US/Mountain,KBVR,Lander,WY,,,,,
297,W-6275868,Snow,Light,2020-01-27 16:44:00,2020-01-27 17:53:00,US/Mountain,KBVR,Lander,WY,,,,,
298,W-6275869,Snow,Light,2020-01-27 20:53:00,2020-01-27 21:53:00,US/Mountain,KBVR,Lander,WY,,,,,
299,W-6275870,Snow,Light,2020-01-27 22:32:00,2020-01-27 22:46:00,US/Mountain,KBVR,Lander,WY,,,,,
300,W-6275871,Snow,Light,2020-01-29 08:18:00,2020-01-29 08:53:00,US/Mountain,KBVR,Lander,WY,,,,,
301,W-6275872,Snow,Light,2020-01-29 09:26:00,2020-01-29 11:53:00,US/Mountain,KBVR,Lander,WY,,,,,
302,W-6275873,Snow,Light,2020-01-29 12:24:00,2020-01-29 13:53:00,US/Mountain,KBVR,Lander,WY,,,,,
303,W-6275874,Snow,Moderate,2020-01-29 13:53:00,2020-01-29 14:13:00,US/Mountain,KBVR,Lander,WY,,,,,
304,W-6275875,Snow,Light,2020-01-29 14:13:00,2020-01-29 14:53:00,US/Mountain,KBVR,Lander,WY,,,,,
305,W-6275876,Snow,Moderate,2020-01-29 14:53:00,2020-01-29 15:53:00,US/Mountain,KBVR,Lander,WY,,,,,
306,W-6275877,Fog,Severe,2020-01-30 03:46:00,2020-01-30 04:37:00,US/Mountain,KBVR,Lander,WY,,,,,
307,W-6275878,Fog,Severe,2020-01-30 05:42:00,2020-01-30 06:20:00,US/Mountain,KBVR,Lander,WY,,,,,
308,W-6275879,Snow,Light,2020-01-30 11:53:00,2020-01-30 12:08:00,US/Mountain,KBVR,Lander,WY,,,,,
309,W-6275880,Snow,Light,2020-02-03 04:20:00,2020-02-03 04:41:00,US/Mountain,KBVR,Lander,WY,,,,,
310,W-6275881,Snow,Moderate,2020-02-03 04:41:00,2020-02-03 05:28:00,US/Mountain,KBVR,Lander,WY,,,,,
311,W-6275882,Snow,Light,2020-02-03 05:28:00,2020-02-03 05:38:00,US/Mountain,KBVR,Lander,WY,,,,,
312,W-6275883,Snow,Moderate,2020-02-03 05:38:00,2020-02-03 06:05:00,US/Mountain,KBVR,Lander,WY,,,,,
313,W-6275884,Snow,Light,2020-02-03 06:05:00,2020-02-03 06:22:00,US/Mountain,KBVR,Lander,WY,,,,,
314,W-6275885,Snow,Moderate,2020-02-03 06:22:00,2020-02-03 06:53:00,US/Mountain,KBVR,Lander,WY,,,,,
315,W-6275886,Snow,Heavy,2020-02-03 06:53:00,2020-02-03 07:28:00,US/Mountain,KBVR,Lander,WY,,,,,
316,W-6275887,Snow,Moderate,2020-02-03 07:28:00,2020-02-03 07:39:00,US/Mountain,KBVR,Lander,WY,,,,,
317,W-6275888,Snow,Heavy,2020-02-03 07:39:00,2020-02-03 09:53:00,US/Mountain,KBVR,Lander,WY,,,,,
318,W-6275889,Snow,Moderate,2020-02-03 09:53:00,2020-02-03 10:07:00,US/Mountain,KBVR,Lander,WY,,,,,
319,W-6275890,Snow,Light,2020-02-03 10:07:00,2020-02-03 10:53:00,US/Mountain,KBVR,Lander,WY,,,,,
320,W-6275891,Snow,Moderate,2020-02-03 10:53:00,2020-02-03 14:18:00,US/Mountain,KBVR,Lander,WY,,,,,
321,W-6275892,Snow,Light,2020-02-03 14:18:00,2020-02-03 14:42:00,US/Mountain,KBVR,Lander,WY,,,,,
322,W-6275893,Snow,Moderate,2020-02-03 14:42:00,2020-02-03 15:17:00,US/Mountain,KBVR,Lander,WY,,,,,
323,W-6275894,Snow,Light,2020-02-03 15:17:00,2020-02-03 15:41:00,US/Mountain,KBVR,Lander,WY,,,,,
324,W-6275895,Snow,Moderate,2020-02-03 15:41:00,2020-02-03 15:53:00,US/Mountain,KBVR,Lander,WY,,,,,
325,W-6275896,Snow,Heavy,2020-02-03 15:53:00,2020-02-03 16:16:00,US/Mountain,KBVR,Lander,WY,,,,,
326,W-6275897,Snow,Light,2020-02-03 16:16:00,2020-02-03 19:31:00,US/Mountain,KBVR,Lander,WY,,,,,
327,W-6275898,Snow,Moderate,2020-02-03 19:31:00,2020-02-03 22:16:00,US/Mountain,KBVR,Lander,WY,,,,,
328,W-6275899,Snow,Light,2020-02-03 22:16:00,2020-02-03 23:53:00,US/Mountain,KBVR,Lander,WY,,,,,
329,W-6275900,Snow,Moderate,2020-02-03 23:53:00,2020-02-04 00:06:00,US/Mountain,KBVR,Lander,WY,,,,,
330,W-6275901,Snow,Light,2020-02-04 00:06:00,2020-02-04 02:53:00,US/Mountain,KBVR,Lander,WY,,,,,
331,W-6275902,Snow,Moderate,2020-02-04 02:53:00,2020-02-04 03:49:00,US/Mountain,KBVR,Lander,WY,,,,,
332,W-6275903,Snow,Light,2020-02-04 03:49:00,2020-02-04 11:27:00,US/Mountain,KBVR,Lander,WY,,,,,
333,W-6275904,Snow,Light,2020-02-06 23:21:00,2020-02-07 01:36:00,US/Mountain,KBVR,Lander,WY,,,,,
334,W-6275905,Snow,Moderate,2020-02-07 01:36:00,2020-02-07 02:00:00,US/Mountain,KBVR,Lander,WY,,,,,
335,W-6275906,Snow,Light,2020-02-07 02:00:00,2020-02-07 05:53:00,US/Mountain,KBVR,Lander,WY,,,,,
336,W-6275907,Snow,Light,2020-02-07 07:18:00,2020-02-07 08:53:00,US/Mountain,KBVR,Lander,WY,,,,,
337,W-6275908,Snow,Light,2020-02-07 13:00:00,2020-02-07 13:12:00,US/Mountain,KBVR,Lander,WY,,,,,
338,W-6275909,Snow,Light,2020-02-07 13:53:00,2020-02-07 15:53:00,US/Mountain,KBVR,Lander,WY,,,,,
339,W-6275910,Fog,Severe,2020-02-08 01:53:00,2020-02-08 02:47:00,US/Mountain,KBVR,Lander,WY,,,,,
340,W-6275911,Fog,Severe,2020-02-08 02:53:00,2020-02-08 16:10:00,US/Mountain,KBVR,Lander,WY,,,,,
341,W-6275912,Snow,Light,2020-02-09 04:20:00,2020-02-09 07:53:00,US/Mountain,KBVR,Lander,WY,,,,,
342,W-6275913,Snow,Moderate,2020-02-09 07:53:00,2020-02-09 08:05:00,US/Mountain,KBVR,Lander,WY,,,,,
343,W-6275914,Snow,Light,2020-02-09 08:05:00,2020-02-09 08:53:00,US/Mountain,KBVR,Lander,WY,,,,,
344,W-6275915,Snow,Light,2020-02-10 15:53:00,2020-02-10 18:53:00,US/Mountain,KBVR,Lander,WY,,,,,
345,W-6275916,Snow,Light,2020-02-12 17:24:00,2020-02-12 18:19:00,US/Mountain,KBVR,Lander,WY,,,,,
346,W-6275917,Snow,Light,2020-02-13 00:06:00,2020-02-13 00:47:00,US/Mountain,KBVR,Lander,WY,,,,,
347,W-6275918,Fog,Severe,2020-02-13 17:49:00,2020-02-13 18:05:00,US/Mountain,KBVR,Lander,WY,,,,,
348,W-6275919,Fog,Severe,2020-02-13 18:13:00,2020-02-13 18:24:00,US/Mountain,KBVR,Lander,WY,,,,,
349,W-6275920,Fog,Severe,2020-02-14 04:15:00,2020-02-14 05:20:00,US/Mountain,KBVR,Lander,WY,,,,,
350,W-6275921,Fog,Severe,2020-02-14 11:45:00,2020-02-14 15:58:00,US/Mountain,KBVR,Lander,WY,,,,,
351,W-6275922,Fog,Severe,2020-02-20 07:53:00,2020-02-20 08:03:00,US/Mountain,KBVR,Lander,WY,,,,,
352,W-6275923,Snow,Light,2020-02-25 05:31:00,2020-02-25 05:53:00,US/Mountain,KBVR,Lander,WY,,,,,
353,W-6275924,Snow,Light,2020-02-25 06:02:00,2020-02-25 07:53:00,US/Mountain,KBVR,Lander,WY,,,,,
354,W-6275925,Snow,Moderate,2020-02-25 07:53:00,2020-02-25 08:12:00,US/Mountain,KBVR,Lander,WY,,,,,
355,W-6275926,Snow,Light,2020-02-25 08:12:00,2020-02-25 08:41:00,US/Mountain,KBVR,Lander,WY,,,,,
356,W-6275927,Snow,Moderate,2020-02-25 08:41:00,2020-02-25 08:59:00,US/Mountain,KBVR,Lander,WY,,,,,
357,W-6275928,Snow,Light,2020-02-25 08:59:00,2020-02-25 10:31:00,US/Mountain,KBVR,Lander,WY,,,,,
358,W-6275929,Snow,Moderate,2020-02-25 10:31:00,2020-02-25 10:59:00,US/Mountain,KBVR,Lander,WY,,,,,
359,W-6275930,Snow,Light,2020-02-25 10:59:00,2020-02-25 12:53:00,US/Mountain,KBVR,Lander,WY,,,,,
360,W-6275931,Snow,Light,2020-02-25 13:53:00,2020-02-25 14:53:00,US/Mountain,KBVR,Lander,WY,,,,,
361,W-6275932,Snow,Light,2020-02-25 15:21:00,2020-02-25 17:44:00,US/Mountain,KBVR,Lander,WY,,,,,
362,W-6275933,Cold,Severe,2020-02-27 16:53:00,2020-02-27 18:53:00,US/Mountain,KBVR,Lander,WY,,,,,
363,W-6275934,Snow,Light,2020-03-01 10:53:00,2020-03-01 11:49:00,US/Mountain,KBVR,Lander,WY,,,,,
364,W-6275935,Snow,Moderate,2020-03-01 11:49:00,2020-03-01 12:53:00,US/Mountain,KBVR,Lander,WY,,,,,
365,W-6275936,Snow,Heavy,2020-03-01 12:53:00,2020-03-01 13:01:00,US/Mountain,KBVR,Lander,WY,,,,,
366,W-6275937,Snow,Light,2020-03-01 13:01:00,2020-03-01 13:31:00,US/Mountain,KBVR,Lander,WY,,,,,
367,W-6275938,Snow,Moderate,2020-03-01 13:31:00,2020-03-01 14:40:00,US/Mountain,KBVR,Lander,WY,,,,,
368,W-6275939,Snow,Heavy,2020-03-01 14:40:00,2020-03-01 16:39:00,US/Mountain,KBVR,Lander,WY,,,,,
369,W-6275940,Snow,Moderate,2020-03-01 16:39:00,2020-03-01 17:32:00,US/Mountain,KBVR,Lander,WY,,,,,
370,W-6275941,Snow,Light,2020-03-01 17:32:00,2020-03-01 17:53:00,US/Mountain,KBVR,Lander,WY,,,,,
371,W-6275942,Snow,Moderate,2020-03-01 17:53:00,2020-03-01 18:26:00,US/Mountain,KBVR,Lander,WY,,,,,
372,W-6275943,Snow,Light,2020-03-01 18:26:00,2020-03-01 18:53:00,US/Mountain,KBVR,Lander,WY,,,,,
373,W-6275944,Snow,Moderate,2020-03-01 18:53:00,2020-03-01 20:00:00,US/Mountain,KBVR,Lander,WY,,,,,
374,W-6275945,Snow,Light,2020-03-01 20:00:00,2020-03-01 21:23:00,US/Mountain,KBVR,Lander,WY,,,,,
375,W-6275946,Fog,Severe,2020-03-09 08:53:00,2020-03-09 09:21:00,US/Mountain,KBVR,Lander,WY,,,,,
376,W-6275947,Fog,Severe,2020-03-09 09:44:00,2020-03-09 10:13:00,US/Mountain,KBVR,Lander,WY,,,,,
377,W-6275948,Fog,Severe,2020-03-09 10:44:00,2020-03-09 11:14:00,US/Mountain,KBVR,Lander,WY,,,,,
378,W-6275949,Fog,Severe,2020-03-09 12:22:00,2020-03-09 12:38:00,US/Mountain,KBVR,Lander,WY,,,,,
379,W-6275950,Fog,Severe,2020-03-09 14:20:00,2020-03-09 19:46:00,US/Mountain,KBVR,Lander,WY,,,,,
380,W-6275951,Snow,Light,2020-03-12 15:53:00,2020-03-12 16:19:00,US/Mountain,KBVR,Lander,WY,,,,,
381,W-6275952,Fog,Severe,2020-03-12 16:49:00,2020-03-12 17:23:00,US/Mountain,KBVR,Lander,WY,,,,,
382,W-6275953,Fog,Severe,2020-03-12 19:58:00,2020-03-12 20:10:00,US/Mountain,KBVR,Lander,WY,,,,,
383,W-6275954,Snow,Light,2020-03-13 16:53:00,2020-03-13 17:53:00,US/Mountain,KBVR,Lander,WY,,,,,
384,W-6275955,Fog,Severe,2020-03-16 14:41:00,2020-03-16 17:53:00,US/Mountain,KBVR,Lander,WY,,,,,
385,W-6275956,Fog,Severe,2020-03-16 18:00:00,2020-03-16 18:33:00,US/Mountain,KBVR,Lander,WY,,,,,
386,W-6275957,Snow,Light,2020-03-19 15:53:00,2020-03-19 20:43:00,US/Mountain,KBVR,Lander,WY,,,,,
387,W-6275958,Snow,Light,2020-03-20 01:53:00,2020-03-20 02:53:00,US/Mountain,KBVR,Lander,WY,,,,,
388,W-6275959,Snow,Light,2020-03-26 10:53:00,2020-03-26 12:53:00,US/Mountain,KBVR,Lander,WY,,,,,
389,W-6275960,Snow,Light,2020-04-02 03:30:00,2020-04-02 03:53:00,US/Mountain,KBVR,Lander,WY,,,,,
390,W-6275961,Snow,Moderate,2020-04-02 03:53:00,2020-04-02 04:02:00,US/Mountain,KBVR,Lander,WY,,,,,
391,W-6275962,Snow,Light,2020-04-02 04:02:00,2020-04-02 04:53:00,US/Mountain,KBVR,Lander,WY,,,,,
392,W-6275963,Snow,Moderate,2020-04-02 04:53:00,2020-04-02 05:07:00,US/Mountain,KBVR,Lander,WY,,,,,
393,W-6275964,Snow,Light,2020-04-02 05:07:00,2020-04-02 05:53:00,US/Mountain,KBVR,Lander,WY,,,,,
394,W-6275965,Fog,Severe,2020-04-02 05:53:00,2020-04-02 06:43:00,US/Mountain,KBVR,Lander,WY,,,,,
395,W-6275966,Snow,Moderate,2020-04-02 06:43:00,2020-04-02 07:04:00,US/Mountain,KBVR,Lander,WY,,,,,
396,W-6275967,Snow,Light,2020-04-02 07:04:00,2020-04-02 07:51:00,US/Mountain,KBVR,Lander,WY,,,,,
397,W-6275968,Snow,Heavy,2020-04-02 07:51:00,2020-04-02 08:06:00,US/Mountain,KBVR,Lander,WY,,,,,
398,W-6275969,Snow,Light,2020-04-02 08:06:00,2020-04-02 08:41:00,US/Mountain,KBVR,Lander,WY,,,,,
399,W-6275970,Snow,Heavy,2020-04-02 08:41:00,2020-04-02 09:17:00,US/Mountain,KBVR,Lander,WY,,,,,
400,W-6275971,Snow,Moderate,2020-04-02 09:17:00,2020-04-02 10:01:00,US/Mountain,KBVR,Lander,WY,,,,,
401,W-6275972,Snow,Light,2020-04-02 10:01:00,2020-04-02 19:25:00,US/Mountain,KBVR,Lander,WY,,,,,
402,W-6275973,Snow,Light,2020-04-02 19:53:00,2020-04-02 20:38:00,US/Mountain,KBVR,Lander,WY,,,,,
403,W-6275974,Snow,Light,2020-04-02 23:22:00,2020-04-03 01:53:00,US/Mountain,KBVR,Lander,WY,,,,,
404,W-6275975,Snow,Light,2020-04-03 02:20:00,2020-04-03 02:45:00,US/Mountain,KBVR,Lander,WY,,,,,
405,W-6275976,Fog,Severe,2020-04-03 13:39:00,2020-04-03 14:05:00,US/Mountain,KBVR,Lander,WY,,,,,
406,W-6275977,Fog,Severe,2020-04-03 15:45:00,2020-04-03 15:58:00,US/Mountain,KBVR,Lander,WY,,,,,
407,W-6275978,Rain,Light,2020-04-05 22:53:00,2020-04-05 23:53:00,US/Mountain,KBVR,Lander,WY,,,,,
408,W-6275979,Storm,Severe,2020-04-06 19:53:00,2020-04-06 20:53:00,US/Mountain,KBVR,Lander,WY,,,,,
409,W-6275980,Rain,Light,2020-04-09 04:53:00,2020-04-09 05:53:00,US/Mountain,KBVR,Lander,WY,,,,,
410,W-6275981,Snow,Light,2020-04-12 01:45:00,2020-04-12 02:44:00,US/Mountain,KBVR,Lander,WY,,,,,
411,W-6275982,Snow,Moderate,2020-04-12 02:44:00,2020-04-12 03:01:00,US/Mountain,KBVR,Lander,WY,,,,,
412,W-6275983,Snow,Light,2020-04-12 03:01:00,2020-04-12 03:36:00,US/Mountain,KBVR,Lander,WY,,,,,
413,W-6275984,Snow,Moderate,2020-04-12 03:36:00,2020-04-12 04:43:00,US/Mountain,KBVR,Lander,WY,,,,,
414,W-6275985,Snow,Heavy,2020-04-12 04:43:00,2020-04-12 05:07:00,US/Mountain,KBVR,Lander,WY,,,,,
415,W-6275986,Snow,Light,2020-04-12 05:07:00,2020-04-12 05:53:00,US/Mountain,KBVR,Lander,WY,,,,,
416,W-6275987,Snow,Moderate,2020-04-12 05:53:00,2020-04-12 06:53:00,US/Mountain,KBVR,Lander,WY,,,,,
417,W-6275988,Snow,Heavy,2020-04-12 06:53:00,2020-04-12 07:53:00,US/Mountain,KBVR,Lander,WY,,,,,
418,W-6275989,Snow,Moderate,2020-04-12 07:53:00,2020-04-12 08:53:00,US/Mountain,KBVR,Lander,WY,,,,,
419,W-6275990,Snow,Heavy,2020-04-12 08:53:00,2020-04-12 09:32:00,US/Mountain,KBVR,Lander,WY,,,,,
420,W-6275991,Snow,Light,2020-04-12 09:32:00,2020-04-12 09:53:00,US/Mountain,KBVR,Lander,WY,,,,,
421,W-6275992,Snow,Moderate,2020-04-12 09:53:00,2020-04-12 10:53:00,US/Mountain,KBVR,Lander,WY,,,,,
422,W-6275993,Snow,Light,2020-04-12 10:53:00,2020-04-12 16:19:00,US/Mountain,KBVR,Lander,WY,,,,,
423,W-6275994,Snow,Light,2020-04-12 16:29:00,2020-04-12 17:53:00,US/Mountain,KBVR,Lander,WY,,,,,
424,W-6275995,Snow,Moderate,2020-04-12 17:53:00,2020-04-12 18:02:00,US/Mountain,KBVR,Lander,WY,,,,,
425,W-6275996,Snow,Light,2020-04-12 18:02:00,2020-04-12 19:26:00,US/Mountain,KBVR,Lander,WY,,,,,
426,W-6275997,Snow,Light,2020-04-12 20:22:00,2020-04-12 21:24:00,US/Mountain,KBVR,Lander,WY,,,,,
427,W-6275998,Snow,Light,2020-04-12 22:15:00,2020-04-12 22:29:00,US/Mountain,KBVR,Lander,WY,,,,,
428,W-6275999,Snow,Light,2020-04-13 03:08:00,2020-04-13 04:53:00,US/Mountain,KBVR,Lander,WY,,,,,
429,W-6276000,Snow,Moderate,2020-04-13 04:53:00,2020-04-13 05:23:00,US/Mountain,KBVR,Lander,WY,,,,,
430,W-6276001,Snow,Light,2020-04-13 05:23:00,2020-04-13 05:53:00,US/Mountain,KBVR,Lander,WY,,,,,
431,W-6276002,Snow,Moderate,2020-04-13 05:53:00,2020-04-13 05:57:00,US/Mountain,KBVR,Lander,WY,,,,,
432,W-6276003,Snow,Light,2020-04-13 05:57:00,2020-04-13 09:53:00,US/Mountain,KBVR,Lander,WY,,,,,
433,W-6276004,Snow,Moderate,2020-04-13 09:53:00,2020-04-13 10:10:00,US/Mountain,KBVR,Lander,WY,,,,,
434,W-6276005,Snow,Light,2020-04-13 10:10:00,2020-04-13 11:53:00,US/Mountain,KBVR,Lander,WY,,,,,
435,W-6276006,Snow,Light,2020-04-13 12:53:00,2020-04-13 14:01:00,US/Mountain,KBVR,Lander,WY,,,,,
436,W-6276007,Snow,Light,2020-04-15 19:53:00,2020-04-16 00:53:00,US/Mountain,KBVR,Lander,WY,,,,,
437,W-6276008,Snow,Moderate,2020-04-16 00:53:00,2020-04-16 01:53:00,US/Mountain,KBVR,Lander,WY,,,,,
438,W-6276009,Snow,Heavy,2020-04-16 01:53:00,2020-04-16 02:53:00,US/Mountain,KBVR,Lander,WY,,,,,
439,W-6276010,Fog,Severe,2020-04-16 02:53:00,2020-04-16 14:03:00,US/Mountain,KBVR,Lander,WY,,,,,
440,W-6276011,Snow,Light,2020-04-16 14:03:00,2020-04-16 15:49:00,US/Mountain,KBVR,Lander,WY,,,,,
441,W-6276012,Snow,Moderate,2020-04-16 15:49:00,2020-04-16 16:10:00,US/Mountain,KBVR,Lander,WY,,,,,
442,W-6276013,Snow,Light,2020-04-16 16:10:00,2020-04-16 16:42:00,US/Mountain,KBVR,Lander,WY,,,,,
443,W-6276014,Snow,Moderate,2020-04-16 16:42:00,2020-04-16 16:51:00,US/Mountain,KBVR,Lander,WY,,,,,
444,W-6276015,Snow,Heavy,2020-04-16 16:51:00,2020-04-16 17:04:00,US/Mountain,KBVR,Lander,WY,,,,,
445,W-6276016,Snow,Light,2020-04-16 17:04:00,2020-04-16 18:13:00,US/Mountain,KBVR,Lander,WY,,,,,
446,W-6276017,Rain,Light,2020-04-23 21:53:00,2020-04-23 22:53:00,US/Mountain,KBVR,Lander,WY,,,,,
447,W-6276018,Rain,Light,2020-04-24 01:27:00,2020-04-24 02:35:00,US/Mountain,KBVR,Lander,WY,,,,,
448,W-6276019,Rain,Light,2020-04-24 04:53:00,2020-04-24 06:28:00,US/Mountain,KBVR,Lander,WY,,,,,
449,W-6276020,Storm,Severe,2020-04-30 22:53:00,2020-04-30 23:53:00,US/Mountain,KBVR,Lander,WY,,,,,
450,W-6276021,Rain,Light,2020-05-01 19:53:00,2020-05-01 20:53:00,US/Mountain,KBVR,Lander,WY,,,,,
451,W-6276022,Rain,Light,2020-05-09 01:48:00,2020-05-09 02:51:00,US/Mountain,KBVR,Lander,WY,,,,,
452,W-6276023,Rain,Light,2020-05-09 03:29:00,2020-05-09 05:53:00,US/Mountain,KBVR,Lander,WY,,,,,
453,W-6276024,Fog,Moderate,2020-05-10 07:53:00,2020-05-10 08:53:00,US/Mountain,KBVR,Lander,WY,,,,,
454,W-6276025,Rain,Light,2020-05-12 00:53:00,2020-05-12 02:53:00,US/Mountain,KBVR,Lander,WY,,,,,
455,W-6276026,Rain,Light,2020-05-12 11:53:00,2020-05-12 12:53:00,US/Mountain,KBVR,Lander,WY,,,,,
456,W-6276027,Rain,Light,2020-05-13 11:53:00,2020-05-13 12:53:00,US/Mountain,KBVR,Lander,WY,,,,,
457,W-6276028,Cold,Severe,2020-05-15 17:53:00,2020-05-15 18:53:00,US/Mountain,KBVR,Lander,WY,,,,,
458,W-6276029,Rain,Light,2020-05-30 05:00:00,2020-05-30 05:53:00,US/Mountain,KBVR,Lander,WY,,,,,
459,W-6276030,Storm,Severe,2020-05-30 23:53:00,2020-05-31 00:17:00,US/Mountain,KBVR,Lander,WY,,,,,
460,W-6276031,Rain,Light,2020-06-03 19:53:00,2020-06-03 21:53:00,US/Mountain,KBVR,Lander,WY,,,,,
461,W-6276032,Rain,Light,2020-06-06 21:53:00,2020-06-06 22:53:00,US/Mountain,KBVR,Lander,WY,,,,,
462,W-6276033,Rain,Moderate,2020-06-06 22:53:00,2020-06-06 23:53:00,US/Mountain,KBVR,Lander,WY,,,,,
463,W-6276034,Rain,Light,2020-06-07 00:49:00,2020-06-07 00:53:00,US/Mountain,KBVR,Lander,WY,,,,,
464,W-6276035,Storm,Severe,2020-06-07 00:53:00,2020-06-07 01:53:00,US/Mountain,KBVR,Lander,WY,,,,,
465,W-6276036,Rain,Light,2020-06-07 22:01:00,2020-06-07 22:17:00,US/Mountain,KBVR,Lander,WY,,,,,
466,W-6276037,Rain,Light,2020-06-07 22:32:00,2020-06-07 22:53:00,US/Mountain,KBVR,Lander,WY,,,,,
467,W-6276038,Storm,Severe,2020-06-13 18:53:00,2020-06-13 19:53:00,US/Mountain,KBVR,Lander,WY,,,,,
468,W-6276039,Storm,Severe,2020-06-13 20:53:00,2020-06-13 21:53:00,US/Mountain,KBVR,Lander,WY,,,,,
469,W-6276040,Rain,Light,2020-06-17 02:53:00,2020-06-17 04:53:00,US/Mountain,KBVR,Lander,WY,,,,,
470,W-6276041,Rain,Light,2020-06-17 13:53:00,2020-06-17 14:53:00,US/Mountain,KBVR,Lander,WY,,,,,
471,W-6276042,Rain,Light,2020-06-19 00:27:00,2020-06-19 00:53:00,US/Mountain,KBVR,Lander,WY,,,,,
472,W-6276043,Rain,Light,2020-06-25 01:53:00,2020-06-25 02:53:00,US/Mountain,KBVR,Lander,WY,,,,,
473,W-6276044,Rain,Light,2020-06-25 23:53:00,2020-06-26 00:07:00,US/Mountain,KBVR,Lander,WY,,,,,
474,W-6276045,Rain,Light,2020-06-26 04:53:00,2020-06-26 06:53:00,US/Mountain,KBVR,Lander,WY,,,,,
475,W-6276046,Rain,Light,2020-06-28 17:53:00,2020-06-28 18:53:00,US/Mountain,KBVR,Lander,WY,,,,,
476,W-6276047,Rain,Light,2020-06-28 23:27:00,2020-06-28 23:53:00,US/Mountain,KBVR,Lander,WY,,,,,
477,W-6276048,Rain,Light,2020-06-29 06:53:00,2020-06-29 07:53:00,US/Mountain,KBVR,Lander,WY,,,,,
478,W-6276049,Rain,Light,2020-07-12 20:53:00,2020-07-12 21:53:00,US/Mountain,KBVR,Lander,WY,,,,,
479,W-6276050,Rain,Light,2020-07-23 06:53:00,2020-07-23 07:53:00,US/Mountain,KBVR,Lander,WY,,,,,
480,W-6276051,Rain,Light,2020-07-24 01:15:00,2020-07-24 02:53:00,US/Mountain,KBVR,Lander,WY,,,,,
481,W-6276052,Rain,Light,2020-07-27 20:53:00,2020-07-27 21:00:00,US/Mountain,KBVR,Lander,WY,,,,,
482,W-6276053,Rain,Light,2020-07-27 21:32:00,2020-07-27 21:53:00,US/Mountain,KBVR,Lander,WY,,,,,
483,W-6276054,Rain,Light,2020-07-28 15:53:00,2020-07-28 17:53:00,US/Mountain,KBVR,Lander,WY,,,,,
484,W-6276055,Rain,Light,2020-07-28 21:10:00,2020-07-28 21:23:00,US/Mountain,KBVR,Lander,WY,,,,,
485,W-6276056,Rain,Light,2020-07-28 22:53:00,2020-07-28 23:53:00,US/Mountain,KBVR,Lander,WY,,,,,
486,W-6276057,Rain,Light,2020-07-29 23:53:00,2020-07-30 00:53:00,US/Mountain,KBVR,Lander,WY,,,,,
487,W-6276058,Storm,Severe,2020-08-12 00:53:00,2020-08-12 01:53:00,US/Mountain,KBVR,Lander,WY,,,,,
488,W-6276059,Cold,Severe,2020-08-20 23:53:00,2020-08-21 00:53:00,US/Mountain,KBVR,Lander,WY,,,,,
489,W-6276060,Fog,Moderate,2020-08-21 11:53:00,2020-08-21 12:53:00,US/Mountain,KBVR,Lander,WY,,,,,
490,W-6276061,Fog,Moderate,2020-08-21 15:53:00,2020-08-21 16:53:00,US/Mountain,KBVR,Lander,WY,,,,,
491,W-6276062,Fog,Moderate,2020-08-21 17:53:00,2020-08-21 18:53:00,US/Mountain,KBVR,Lander,WY,,,,,
492,W-6276063,Fog,Moderate,2020-08-21 21:53:00,2020-08-21 22:53:00,US/Mountain,KBVR,Lander,WY,,,,,
493,W-6276064,Fog,Moderate,2020-08-22 01:53:00,2020-08-22 04:53:00,US/Mountain,KBVR,Lander,WY,,,,,
494,W-6276065,Fog,Moderate,2020-08-22 15:53:00,2020-08-23 01:53:00,US/Mountain,KBVR,Lander,WY,,,,,
495,W-6276066,Rain,Light,2020-08-26 01:53:00,2020-08-26 02:07:00,US/Mountain,KBVR,Lander,WY,,,,,
496,W-6276067,Rain,Light,2020-08-26 12:53:00,2020-08-26 13:53:00,US/Mountain,KBVR,Lander,WY,,,,,
497,W-6276068,Rain,Light,2020-08-26 23:17:00,2020-08-26 23:53:00,US/Mountain,KBVR,Lander,WY,,,,,
498,W-6276069,Rain,Light,2020-08-31 21:53:00,2020-08-31 22:53:00,US/Mountain,KBVR,Lander,WY,,,,,
499,W-6276070,Rain,Light,2020-08-31 23:53:00,2020-09-01 00:53:00,US/Mountain,KBVR,Lander,WY,,,,,
500,W-6276071,Fog,Moderate,2020-09-03 11:29:00,2020-09-03 12:12:00,US/Mountain,KBVR,Lander,WY,,,,,
501,W-6276072,Fog,Severe,2020-09-03 12:12:00,2020-09-03 15:18:00,US/Mountain,KBVR,Lander,WY,,,,,
502,W-6276073,Fog,Moderate,2020-09-03 15:18:00,2020-09-03 22:53:00,US/Mountain,KBVR,Lander,WY,,,,,
503,W-6276074,Rain,Light,2020-09-08 00:53:00,2020-09-08 02:19:00,US/Mountain,KBVR,Lander,WY,,,,,
504,W-6276075,Snow,Moderate,2020-09-08 02:19:00,2020-09-08 02:49:00,US/Mountain,KBVR,Lander,WY,,,,,
505,W-6276076,Snow,Heavy,2020-09-08 02:49:00,2020-09-08 04:43:00,US/Mountain,KBVR,Lander,WY,,,,,
506,W-6276077,Snow,Moderate,2020-09-08 04:43:00,2020-09-08 07:53:00,US/Mountain,KBVR,Lander,WY,,,,,
507,W-6276078,Snow,Heavy,2020-09-08 07:53:00,2020-09-08 08:23:00,US/Mountain,KBVR,Lander,WY,,,,,
508,W-6276079,Snow,Light,2020-09-08 08:23:00,2020-09-08 08:51:00,US/Mountain,KBVR,Lander,WY,,,,,
509,W-6276080,Snow,Moderate,2020-09-08 08:51:00,2020-09-08 09:19:00,US/Mountain,KBVR,Lander,WY,,,,,
510,W-6276081,Snow,Light,2020-09-08 09:19:00,2020-09-08 16:53:00,US/Mountain,KBVR,Lander,WY,,,,,
511,W-6276082,Fog,Severe,2020-09-08 16:53:00,2020-09-08 17:17:00,US/Mountain,KBVR,Lander,WY,,,,,
512,W-6276083,Snow,Light,2020-09-08 17:53:00,2020-09-08 18:09:00,US/Mountain,KBVR,Lander,WY,,,,,
513,W-6276084,Rain,Light,2020-09-10 23:53:00,2020-09-11 00:53:00,US/Mountain,KBVR,Lander,WY,,,,,
514,W-6276085,Cold,Severe,2020-09-11 15:53:00,2020-09-11 16:53:00,US/Mountain,KBVR,Lander,WY,,,,,
515,W-6276086,Fog,Moderate,2020-09-16 18:53:00,2020-09-16 19:53:00,US/Mountain,KBVR,Lander,WY,,,,,
516,W-6276087,Fog,Moderate,2020-09-16 20:53:00,2020-09-17 02:53:00,US/Mountain,KBVR,Lander,WY,,,,,
517,W-6276088,Fog,Moderate,2020-09-18 15:53:00,2020-09-18 18:53:00,US/Mountain,KBVR,Lander,WY,,,,,
518,W-6276089,Fog,Moderate,2020-09-18 20:53:00,2020-09-19 02:53:00,US/Mountain,KBVR,Lander,WY,,,,,
519,W-6276090,Rain,Light,2020-09-19 21:53:00,2020-09-19 22:53:00,US/Mountain,KBVR,Lander,WY,,,,,
520,W-6276091,Fog,Severe,2020-09-21 18:03:00,2020-09-21 18:12:00,US/Mountain,KBVR,Lander,WY,,,,,
521,W-6276092,Rain,Light,2020-10-15 18:53:00,2020-10-15 20:53:00,US/Mountain,KBVR,Lander,WY,,,,,
522,W-6276093,Snow,Light,2020-10-22 13:53:00,2020-10-22 14:28:00,US/Mountain,KBVR,Lander,WY,,,,,
523,W-6276094,Snow,Moderate,2020-10-22 14:28:00,2020-10-22 15:05:00,US/Mountain,KBVR,Lander,WY,,,,,
524,W-6276095,Snow,Light,2020-10-22 15:05:00,2020-10-22 17:53:00,US/Mountain,KBVR,Lander,WY,,,,,
525,W-6276096,Snow,Moderate,2020-10-22 17:53:00,2020-10-22 18:05:00,US/Mountain,KBVR,Lander,WY,,,,,
526,W-6276097,Snow,Light,2020-10-22 18:05:00,2020-10-23 07:53:00,US/Mountain,KBVR,Lander,WY,,,,,
527,W-6276098,Snow,Light,2020-10-23 22:53:00,2020-10-23 23:53:00,US/Mountain,KBVR,Lander,WY,,,,,
528,W-6276099,Rain,Light,2020-10-24 20:53:00,2020-10-24 21:49:00,US/Mountain,KBVR,Lander,WY,,,,,
529,W-6276100,Snow,Light,2020-10-24 22:53:00,2020-10-24 23:19:00,US/Mountain,KBVR,Lander,WY,,,,,
530,W-6276101,Snow,Light,2020-10-24 23:49:00,2020-10-25 01:39:00,US/Mountain,KBVR,Lander,WY,,,,,
531,W-6276102,Snow,Moderate,2020-10-25 01:39:00,2020-10-25 02:10:00,US/Mountain,KBVR,Lander,WY,,,,,
532,W-6276103,Snow,Light,2020-10-25 02:10:00,2020-10-25 02:53:00,US/Mountain,KBVR,Lander,WY,,,,,
533,W-6276104,Snow,Moderate,2020-10-25 02:53:00,2020-10-25 03:53:00,US/Mountain,KBVR,Lander,WY,,,,,
534,W-6276105,Snow,Heavy,2020-10-25 03:53:00,2020-10-25 04:06:00,US/Mountain,KBVR,Lander,WY,,,,,
535,W-6276106,Snow,Moderate,2020-10-25 04:06:00,2020-10-25 04:46:00,US/Mountain,KBVR,Lander,WY,,,,,
536,W-6276107,Snow,Heavy,2020-10-25 04:46:00,2020-10-25 05:01:00,US/Mountain,KBVR,Lander,WY,,,,,
537,W-6276108,Snow,Light,2020-10-25 05:01:00,2020-10-25 05:39:00,US/Mountain,KBVR,Lander,WY,,,,,
538,W-6276109,Snow,Moderate,2020-10-25 05:39:00,2020-10-25 06:00:00,US/Mountain,KBVR,Lander,WY,,,,,
539,W-6276110,Snow,Light,2020-10-25 06:00:00,2020-10-25 06:38:00,US/Mountain,KBVR,Lander,WY,,,,,
540,W-6276111,Snow,Moderate,2020-10-25 06:38:00,2020-10-25 07:09:00,US/Mountain,KBVR,Lander,WY,,,,,
541,W-6276112,Snow,Light,2020-10-25 07:09:00,2020-10-25 07:43:00,US/Mountain,KBVR,Lander,WY,,,,,
542,W-6276113,Snow,Moderate,2020-10-25 07:43:00,2020-10-25 08:08:00,US/Mountain,KBVR,Lander,WY,,,,,
543,W-6276114,Snow,Light,2020-10-25 08:08:00,2020-10-25 19:37:00,US/Mountain,KBVR,Lander,WY,,,,,
544,W-6276115,Fog,Moderate,2020-10-25 19:37:00,2020-10-25 19:53:00,US/Mountain,KBVR,Lander,WY,,,,,
545,W-6276116,Snow,Light,2020-10-25 20:53:00,2020-10-25 21:10:00,US/Mountain,KBVR,Lander,WY,,,,,
546,W-6276117,Snow,Light,2020-10-26 01:19:00,2020-10-26 01:49:00,US/Mountain,KBVR,Lander,WY,,,,,
547,W-6276118,Snow,Light,2020-11-09 15:19:00,2020-11-09 15:53:00,US/Mountain,KBVR,Lander,WY,,,,,
548,W-6276119,Snow,Light,2020-11-11 22:32:00,2020-11-11 22:53:00,US/Mountain,KBVR,Lander,WY,,,,,
549,W-6276120,Rain,Light,2020-11-18 12:53:00,2020-11-18 13:53:00,US/Mountain,KBVR,Lander,WY,,,,,
550,W-6276121,Rain,Light,2020-11-18 20:53:00,2020-11-18 23:53:00,US/Mountain,KBVR,Lander,WY,,,,,
551,W-6276122,Rain,Light,2020-11-19 01:53:00,2020-11-19 02:24:00,US/Mountain,KBVR,Lander,WY,,,,,
552,W-6276123,Snow,Light,2020-12-01 23:34:00,2020-12-01 23:53:00,US/Mountain,KBVR,Lander,WY,,,,,
553,W-6276124,Snow,Light,2020-12-02 00:46:00,2020-12-02 01:53:00,US/Mountain,KBVR,Lander,WY,,,,,
554,W-6276125,Snow,Moderate,2020-12-02 01:53:00,2020-12-02 02:10:00,US/Mountain,KBVR,Lander,WY,,,,,
555,W-6276126,Snow,Light,2020-12-02 02:10:00,2020-12-02 02:22:00,US/Mountain,KBVR,Lander,WY,,,,,
556,W-6276127,Snow,Moderate,2020-12-02 02:22:00,2020-12-02 03:10:00,US/Mountain,KBVR,Lander,WY,,,,,
557,W-6276128,Snow,Light,2020-12-02 03:10:00,2020-12-02 03:51:00,US/Mountain,KBVR,Lander,WY,,,,,
558,W-6276129,Snow,Moderate,2020-12-02 03:51:00,2020-12-02 05:42:00,US/Mountain,KBVR,Lander,WY,,,,,
559,W-6276130,Snow,Light,2020-12-02 05:42:00,2020-12-02 05:53:00,US/Mountain,KBVR,Lander,WY,,,,,
560,W-6276131,Snow,Moderate,2020-12-02 05:53:00,2020-12-02 06:01:00,US/Mountain,KBVR,Lander,WY,,,,,
561,W-6276132,Snow,Light,2020-12-02 06:01:00,2020-12-02 06:51:00,US/Mountain,KBVR,Lander,WY,,,,,
562,W-6276133,Snow,Moderate,2020-12-02 06:51:00,2020-12-02 07:03:00,US/Mountain,KBVR,Lander,WY,,,,,
563,W-6276134,Snow,Light,2020-12-02 07:03:00,2020-12-02 08:53:00,US/Mountain,KBVR,Lander,WY,,,,,
564,W-6276135,Cold,Severe,2020-12-09 17:53:00,2020-12-09 18:53:00,US/Mountain,KBVR,Lander,WY,,,,,
565,W-6276136,Snow,Light,2020-12-10 22:53:00,2020-12-11 00:34:00,US/Mountain,KBVR,Lander,WY,,,,,
566,W-6276137,Snow,Light,2020-12-11 01:37:00,2020-12-11 18:53:00,US/Mountain,KBVR,Lander,WY,,,,,
567,W-6276138,Snow,Light,2020-12-11 21:28:00,2020-12-11 21:53:00,US/Mountain,KBVR,Lander,WY,,,,,
568,W-6276139,Snow,Light,2020-12-11 22:53:00,2020-12-12 00:35:00,US/Mountain,KBVR,Lander,WY,,,,,
569,W-6276140,Fog,Severe,2020-12-12 07:00:00,2020-12-12 07:35:00,US/Mountain,KBVR,Lander,WY,,,,,
570,W-6276141,Snow,Light,2020-12-12 19:07:00,2020-12-12 19:34:00,US/Mountain,KBVR,Lander,WY,,,,,
571,W-6276142,Snow,Light,2020-12-12 19:48:00,2020-12-12 20:30:00,US/Mountain,KBVR,Lander,WY,,,,,
572,W-6276143,Snow,Light,2020-12-13 01:53:00,2020-12-13 02:51:00,US/Mountain,KBVR,Lander,WY,,,,,
573,W-6276144,Snow,Light,2020-12-14 17:30:00,2020-12-15 01:53:00,US/Mountain,KBVR,Lander,WY,,,,,
574,W-6276145,Snow,Moderate,2020-12-15 01:53:00,2020-12-15 03:19:00,US/Mountain,KBVR,Lander,WY,,,,,
575,W-6276146,Snow,Light,2020-12-15 03:19:00,2020-12-15 05:53:00,US/Mountain,KBVR,Lander,WY,,,,,
576,W-6276147,Snow,Light,2020-12-23 04:24:00,2020-12-23 05:53:00,US/Mountain,KBVR,Lander,WY,,,,,
577,W-6276148,Snow,Light,2020-12-23 10:53:00,2020-12-23 11:26:00,US/Mountain,KBVR,Lander,WY,,,,,
